year,partner_iso3,partner_name,total_value,global_share_pct
2019,CHN,China,1719014077.5266876,16.044766045624943
2019,DEU,Germany,1066166145.211607,9.951277647649427
2019,USA,United States,983915185.9956207,9.183571661467212
2019,JPN,Japan,561103909.2468094,5.2371769776916555
2019,FRA,France,415899141.8280154,3.8818788725731634
2019,MEX,Mexico,394448598.8526332,3.6816658853201325
2019,KOR,South Korea,388759733.1983762,3.6285677055664953
2019,ITA,Italy,372136292.9340624,3.473409459103447
2019,GBR,United Kingdom,285703841.0817578,2.6666746645197534
2019,NLD,Netherlands,284441965.8749045,2.654896696708189
2019,CAN,Canada,280217012.4318469,2.6154622380648656
2019,CHE,Switzerland,250214401.55702123,2.3354267930165524
2019,VNM,Vietnam,245918536.91130444,2.295330470301518
2019,BEL,Belgium,229912792.3974923,2.1459376122280953
2019,ESP,Spain,202063018.89335546,1.8859961107946477
2019,MYS,Malaysia,176095394.36452356,1.6436220280150544
2019,IRL,Ireland,172234711.1403007,1.607587559235107
2019,THA,Thailand,166460695.55093393,1.553694615316652
2019,POL,Poland,166274597.8451658,1.5519576346893766
2019,IND,India,163609596.54455084,1.527083305305655
2019,CZE,Czechia,135306972.12150675,1.262915028104398
2019,AUT,Austria,125397014.56140183,1.1704184321470639
2019,SGP,Singapore,121696764.72617288,1.1358814008959692
2019,SWE,Sweden,118239612.11165355,1.1036133667890047
2019,TUR,Turkey,104708225.46615669,0.977315429012797
2019,HUN,Hungary,85696330.71121505,0.7998640588262449
2019,RUS,Russia,82791322.71989527,0.77274957838612
2019,IDN,Indonesia,77288815.77675447,0.7213908154060359
2019,BRA,Brazil,72225744.3777025,0.674133613075869
2019,SVK,Slovakia,70757952.37080513,0.6604336791066308
2019,DNK,Denmark,66960399.134629115,0.6249884468558762
2019,ZAF,South Africa,65060998.06875245,0.6072600023205936
2019,ARE,United Arab Emirates,62773434.22627237,0.5859085618950256
2019,HKG,Hong Kong,60967036.412522644,0.5690481820494786
2019,FIN,Finland,58481776.135896735,0.5458515019162242
2019,PHL,Philippines,57619618.78367911,0.5378043816560165
2019,ROM,ROM,56828834.49739503,0.5304234363619326
2019,AUS,Australia,53914041.3144783,0.5032176238542365
2019,PRT,Portugal,49771546.2798442,0.46455280746628846
2019,ISR,Israel,43850655.18703979,0.40928897128970754
2019,BGD,Bangladesh,42605135.03680312,0.3976636567114743
2019,SAU,Saudi Arabia,31730013.124233298,0.29615850379505027
2019,NOR,Norway,30357673.2130184,0.2833494912928389
2019,CHL,Chile,26045130.0165082,0.24309749594605642
2019,SVN,Slovenia,23228516.15336889,0.21680806000382372
2019,MAR,Morocco,21239577.016738128,0.1982438937509546
2019,KHM,Cambodia,18913323.915638417,0.17653133929429984
2019,BGR,Bulgaria,18383081.27751757,0.17158221224101547
2019,UKR,Ukraine,17890480.75030767,0.16698442545359946
2019,PAK,Pakistan,16491161.458081868,0.15392359543457135
2019,ARG,Argentina,15536189.365982426,0.1450101700018476
2019,BLR,Belarus,14190902.423728112,0.13245366186448504
2019,LUX,Luxembourg,12935033.470695661,0.12073175463940779
2019,LTU,Lithuania,12506143.395448005,0.11672862225870026
2019,TUN,Tunisia,12447911.287252093,0.11618510108306729
2019,NZL,New Zealand,12054876.905427305,0.11251663507879885
2019,KAZ,Kazakhstan,12014158.937232269,0.11213658567601412
2019,EGY,Egypt,11951281.383327138,0.11154970529200904
2019,PER,Peru,11675630.474421166,0.10897686170597884
2019,MMR,MMR,10663172.140870824,0.09952687679594754
2019,GRC,Greece,10648796.664244512,0.09939270037338131
2019,EST,Estonia,9664164.551649751,0.09020243713230142
2019,SER,SER,9429057.157504844,0.08800801465259778
2019,LKA,Sri Lanka,8414068.86689038,0.07853441587591468
2019,UZB,Uzbekistan,8251543.621272054,0.07701745357959323
2019,DOM,Dominican Republic,7428163.1636724975,0.06933226531881276
2019,QAT,Qatar,7427522.24418924,0.06932628316700994
2019,HRV,Croatia,7366402.571776663,0.06875581032594048
2019,COL,Colombia,7294802.276525606,0.06808751446896077
2019,OMN,Oman,7221033.440557831,0.06739897809800563
2019,CRI,Costa Rica,6948808.652959878,0.06485811290909835
2019,LVA,Latvia,6856703.438287707,0.06399843023382713
2019,IRN,Iran,6790823.231554747,0.0633835239815243
2019,MKD,North Macedonia,5716612.70146852,0.053357162438413146
2019,KWT,Kuwait,5624367.310497876,0.052496171399270125
2019,JOR,Jordan,5192749.969845143,0.04846758353454952
2019,ZMB,Zambia,5063237.291512667,0.04725875072104709
2019,GHA,Ghana,5037937.905545489,0.047022613778221485
2019,HND,Honduras,4819488.200028857,0.04498366920902228
2019,SPE,SPE,4728611.69256017,0.04413545492128563
2019,BHR,Bahrain,4060029.925218434,0.03789511158750507
2019,PNG,Papua New Guinea,3988317.124268966,0.03722576563580339
2019,TTO,Trinidad and Tobago,3832273.50653846,0.03576930092610119
2019,URY,Uruguay,3597581.5095910034,0.03357875564027062
2019,BIH,Bosnia and Herzegovina,3509782.11104495,0.03275926217187223
2019,NIC,Nicaragua,3394593.528120289,0.03168412620392693
2019,SLV,El Salvador,2812852.518872198,0.026254328673728143
2019,SWZ,Eswatini,2685162.2111271354,0.02506250532518923
2019,BWA,Botswana,2602034.4099337924,0.024286615156823985
2019,MLT,Malta,2581957.7297211634,0.024099225395916423
2019,IRQ,Iraq,2578654.034016963,0.024068389682961648
2019,ISL,Iceland,2536024.7371316324,0.023670500506743426
2019,GTM,Guatemala,2491629.1316117574,0.02325612513115306
2019,BFA,Burkina Faso,2486040.8975147638,0.023203966216420114
2019,LBN,Lebanon,2483622.293806364,0.023181391688866394
2019,LAO,Laos,2254454.706365766,0.021042409598030314
2019,NAM,Namibia,2111547.8923009215,0.019708559905946884
2019,CIV,Côte d'Ivoire,1843743.5349655394,0.017208953698167915
2019,ALB,Albania,1776384.4759103996,0.0165802442782031
2019,MDG,Madagascar,1759244.9551689867,0.016420269090084934
2019,DZA,Algeria,1717810.0099541417,0.01603352763707601
2019,BOL,Bolivia,1663889.565918109,0.015530250252123394
2019,TZA,Tanzania,1569678.4638317644,0.014650911850165241
2019,MOZ,Mozambique,1557267.3624547839,0.014535070321834829
2019,ECU,Ecuador,1531716.8915430682,0.01429658982682698
2019,MLI,Mali,1470289.251318516,0.013723242505811539
2019,CYM,Cayman Islands,1442708.6865362113,0.013465813718506326
2019,CYP,Cyprus,1437696.7303229966,0.013419033610115563
2019,SUR,Suriname,1374166.800047669,0.012826064139133047
2019,NCL,New Caledonia,1297103.6237265237,0.012106779375284845
2019,NGA,Nigeria,1230361.2567015935,0.011483825975283026
2019,SEN,Senegal,1201979.7722988625,0.011218921642489799
2019,HTI,Haiti,1196077.3999062993,0.011163830654352525
2019,PAN,Panama,1192193.979558169,0.011127583964021621
2019,MUS,Mauritius,1149709.2422217,0.010731044063630442
2019,KGZ,Kyrgyzstan,1135674.5442756456,0.010600048367894516
2019,KEN,Kenya,1119492.9049754615,0.010449013760208407
2019,ARM,Armenia,1092874.8262385773,0.010200568531341046
2019,LSO,Lesotho,1051682.1849829112,0.009816088671409092
2019,MDA,Moldova,1047899.6641738486,0.009780783747361327
2019,MNG,Mongolia,1015195.3143339899,0.009475531074497943
2019,COG,Congo,1013587.553825037,0.009460524716166858
2019,BHS,Bahamas,985854.9797553144,0.009201677119390992
2019,VEN,Venezuela,973161.8785699554,0.009083203488735477
2019,PRY,Paraguay,966040.9051017491,0.009016738440654625
2019,CMR,Cameroon,913500.0711194304,0.008526337925551667
2019,GEO,Georgia,884726.7280527503,0.008257776100555083
2019,AZE,Azerbaijan,878745.7875249203,0.00820195178081484
2019,MHL,Marshall Islands,876471.807985907,0.008180727132236916
2019,GIN,Guinea,831408.4948576706,0.007760119572452656
2019,ETH,Ethiopia,766244.6075250666,0.007151899232349675
2019,LBR,Liberia,724899.0613233462,0.0067659922031357836
2019,GAB,Gabon,706389.0750452774,0.006593225497369971
2019,AGO,Angola,669982.06823748,0.006253413325794829
2019,CUB,Cuba,664073.2631671157,0.006198262296956484
2019,MRT,Mauritania,629861.0067871184,0.005878935273003432
2019,JAM,Jamaica,586014.6980052751,0.005469686869766907
2019,LBY,Libya,579912.3207803586,0.0054127290960197545
2019,NPL,Nepal,547983.8622934575,0.005114718362240977
2019,GUY,Guyana,543781.0949913166,0.005075490982437272
2019,GNQ,Equatorial Guinea,537466.2643016956,0.005016550231248963
2019,BMU,Bermuda,527999.7176996063,0.004928192301272575
2019,ZWE,Zimbabwe,520578.535006342,0.004858925189588077
2019,TKM,Turkmenistan,478136.2244109451,0.004462781287777406
2019,TJK,Tajikistan,477249.8475255264,0.004454508109598869
2019,SLB,Solomon Islands,462380.2860658852,0.004315720046173437
2019,MAC,Macao,345531.25408075005,0.003225085940630381
2019,BEN,Benin,319765.71145784954,0.002984598030247577
2019,SLE,Sierra Leone,269868.1292485295,0.002518868840907388
2019,BRN,Brunei,264547.8224903671,0.002469210680254921
2019,SUD,SUD,257983.8947466698,0.0024079449312626035
2019,CUW,Curaçao,234713.6151531351,0.0021907470637316157
2019,TGO,Togo,229821.1963734273,0.0021450826821864826
2019,PRK,PRK,228970.01384378184,0.0021371379976554902
2019,UGA,Uganda,217182.91831901,0.002027120754326975
2019,BTN,Bhutan,192158.0959303561,0.0017935465062690582
2019,FJI,Fiji,176411.87579308345,0.001646575971525706
2019,GIB,GIB,144666.27298695606,0.0013502719582773087
2019,ATG,ATG,144135.02140235103,0.0013453134140176716
2019,PYF,French Polynesia,138703.78991779496,0.0012946199149657528
2019,MNT,MNT,138349.3228809934,0.0012913114250873278
2019,SXM,Sint Maarten,138050.41270269742,0.0012885214863997312
2019,VGB,VGB,137691.84183721183,0.0012851746926051328
2019,BRB,Barbados,127193.14389525403,0.0011871829690558056
2019,NER,Niger,121230.50899305167,0.001131529508579808
2019,SMR,San Marino,103114.33717879733,9.624385498715057e-4
2019,SYR,Syria,100643.36256346444,9.39375207851214e-4
2019,AND,Andorra,95293.488759537,8.894410771888658e-4
2019,YEM,Yemen,92267.36442705708,8.611961328487522e-4
2019,AFG,Afghanistan,85026.39011070134,7.936110325478483e-4
2019,GMB,Gambia,82521.69064667851,7.702329128219938e-4
2019,GNB,Guinea-Bissau,79344.85256248542,7.405812511561118e-4
2019,KNA,St. Kitts and Nevis,72392.02149417611,6.75685594218687e-4
2019,DJI,Djibouti,70772.04540239487,6.605652192712443e-4
2019,FRE,FRE,66594.33388,6.215717026623633e-4
2019,FRO,Faroe Islands,64271.763185452575,5.998935186930644e-4
2019,NIU,NIU,63095.23616856869,5.889121654982033e-4
2019,CAF,Central African Republic,61883.3833928316,5.77601092178537e-4
2019,MWI,Malawi,47880.44317345026,4.46901813616429e-4
2019,VCT,St. Vincent and the Grenadines,43723.02493897057,4.0809770852031697e-4
2019,SYC,Seychelles,33663.98653777782,3.142096363392506e-4
2019,BLZ,Belize,33091.23868556752,3.088637782616539e-4
2019,BLM,BLM,32630.39348523529,3.0456238624907746e-4
2019,DMA,Dominica,32227.64715944794,3.0080327184886816e-4
2019,RWA,Rwanda,30859.29279608062,2.8803145926468765e-4
2019,ABW,Aruba,30754.84353594479,2.870565609410339e-4
2019,COM,Comoros,28491.539415850108,2.659315535476873e-4
2019,GRL,Greenland,25441.27907943307,2.3746133092654602e-4
2019,CPV,Cabo Verde,23153.549008631482,2.1610833897527294e-4
2019,PSE,Palestine,20718.70160420676,1.9338219759485988e-4
2019,SOM,Somalia,17737.44522581245,1.6555603739133986e-4
2019,WSM,Samoa,17246.20243239123,1.6097092328722318e-4
2019,GUM,Guam,14503.309549113406,1.3536957704128526e-4
2019,MDV,Maldives,14145.805683133865,1.3203274230267668e-4
2019,LCA,St. Lucia,11432.438835650824,1.0670698329175643e-4
2019,SSD,South Sudan,10665.737364290864,9.955081982827484e-5
2019,TCA,Turks and Caicos Islands,10079.451696983466,9.407860381164698e-5
2019,TKL,TKL,10005.64033031459,9.338967047177934e-5
2019,FLK,Falkland Islands,9877.864874052357,9.219705237231024e-5
2019,BDI,Burundi,9338.834544929958,8.716590362528618e-5
2019,PLW,Palau,9136.45675060151,8.527696949421642e-5
2019,TCD,Chad,8561.219811155746,7.990787901679111e-5
2019,STP,Sao Tome and Principe,8503.08785659919,7.936529264543524e-5
2019,TUV,Tuvalu,8296.23681155586,7.743460652284779e-5
2019,COK,Cook Islands,8111.181847628863,7.570735853773399e-5
2019,BUN,BUN,7802.733479142849,7.282839322022281e-5
2019,UMI,UMI,7791.6814555151905,7.27252369193206e-5
2019,NRU,Nauru,7572.595405545658,7.068035290029099e-5
2019,ATA,ATA,7184.362544499441,6.705670286266442e-5
2019,SHN,SHN,7164.730736243302,6.687346540426296e-5
2019,KIR,Kiribati,6311.346728019133,5.890823292708919e-5
2019,ASM,American Samoa,5774.890821044174,5.390111307057765e-5
2019,AIA,AIA,5331.435724237662,4.9762035111287354e-5
2019,CXR,CXR,5210.977502193168,4.863771389935369e-5
2019,GRD,Grenada,5001.81917502717,4.6685492291778974e-5
2019,VUT,Vanuatu,4682.6887679510755,4.370682400364711e-5
2019,VAT,VAT,4634.1499335655,4.3253776962307914e-5
2019,CCK,CCK,4135.625403200814,3.860069729165451e-5
2019,TON,Tonga,3665.235334027398,3.42102163126204e-5
2019,TMP,TMP,3505.7511346375322,3.272163823717734e-5
2019,MNP,Northern Mariana Islands,3499.504624454554,3.2663335169274776e-5
2019,IOT,IOT,2918.9704731103843,2.7244802091747952e-5
2019,ERI,Eritrea,2536.00482427306,2.367031464604498e-5
2019,MSR,MSR,2502.69060983425,2.3359369678431013e-5
2019,ATF,ATF,2133.636777048831,1.991473098541757e-5
2019,FSM,Micronesia,1969.406958162848,1.8381858709274127e-5
2019,BES,BES,1597.88647743605,1.4914197058128024e-5
2019,PCN,PCN,1184.227771427768,1.1053229747035255e-5
2019,WLF,WLF,992.486313102902,9.263572012238922e-6
2019,NFK,NFK,844.855731551314,7.885632079610294e-6
2019,SPM,SPM,790.4209830810601,7.377554330058471e-6
2019,ESH,ESH,638.7118405909,5.961546322876105e-6
2019,BVT,BVT,598.7326520808,5.588392469906258e-6
2019,SGS,SGS,358.8418554598637,3.349323134407019e-6
2019,HMD,HMD,213.90782247500002,1.996551983959634e-6
2019,BAT,BAT,4.41272767,4.1187087420525496e-8
2020,CHN,China,1710196465.3858228,16.776552812962333
2020,DEU,Germany,1007217911.7220764,9.880528250510046
2020,USA,United States,868674525.060415,8.52145606771749
2020,JPN,Japan,505742275.7693045,4.961191401642476
2020,KOR,South Korea,377060971.88592225,3.6988635145635005
2020,MEX,Mexico,354434617.50109994,3.4769052559746916
2020,ITA,Italy,351391915.68854207,3.447057195423966
2020,FRA,France,349574592.4206132,3.4292297584015445
2020,NLD,Netherlands,297158313.160693,2.9150406023242934
2020,VNM,Vietnam,269055593.67987585,2.6393607216203936
2020,CHE,Switzerland,260208689.54578066,2.552575046733983
2020,GBR,United Kingdom,256561113.47820565,2.5167933375704314
2020,CAN,Canada,243214917.85215232,2.3858708615249102
2020,BEL,Belgium,231849483.18939668,2.2743791009458256
2020,ESP,Spain,194116473.9482982,1.9042287497214285
2020,IRL,Ireland,177965377.9260398,1.745790979039032
2020,MYS,Malaysia,177054747.32856265,1.7368579455420716
2020,POL,Poland,167771000.51780662,1.6457869652043349
2020,THA,Thailand,163145226.8297193,1.600409408795048
2020,IND,India,147637951.78102985,1.4482873432282832
2020,CZE,Czechia,126931521.18001626,1.2451630042550565
2020,SGP,Singapore,120640955.6573782,1.1834543018632941
2020,AUT,Austria,116135464.19598119,1.1392566807242368
2020,SWE,Sweden,112746551.30899122,1.1060123855933324
2020,TUR,Turkey,98023706.43696256,0.9615853624109888
2020,RUS,Russia,90556501.03264605,0.8883341492513989
2020,HUN,Hungary,84086014.32645279,0.8248604699700351
2020,IDN,Indonesia,76356975.21649922,0.7490407408067343
2020,HKG,Hong Kong,75153347.88274929,0.7372334906220456
2020,DNK,Denmark,67211320.88073191,0.6593244093333889
2020,SVK,Slovakia,66006074.0367064,0.6475012722022474
2020,BRA,Brazil,62855306.487597965,0.6165931167599656
2020,ZAF,South Africa,59528372.32254441,0.583956815694592
2020,ARE,United Arab Emirates,56778937.23303234,0.556985620326927
2020,FIN,Finland,52576464.65580031,0.5157605303656673
2020,ROM,ROM,51525974.72976906,0.5054555156610717
2020,PHL,Philippines,51213043.64277113,0.5023857485237305
2020,AUS,Australia,46372667.40652396,0.45490300066078915
2020,PRT,Portugal,46001664.51295688,0.4512635652136543
2020,ISR,Israel,39931006.01197504,0.39171208968876237
2020,BGD,Bangladesh,37607452.30677511,0.36891867253581156
2020,SAU,Saudi Arabia,26585922.509262558,0.26080052326464415
2020,CHL,Chile,26446398.937770277,0.25943183574062606
2020,NOR,Norway,25928832.798880246,0.2543546555224277
2020,SVN,Slovenia,22774950.771910634,0.22341594791647346
2020,MAR,Morocco,19329802.510640886,0.18961999936699614
2020,KHM,Cambodia,18084269.734135855,0.1774016684159974
2020,BGR,Bulgaria,18016732.321887314,0.17673914514082337
2020,UKR,Ukraine,16605895.08686011,0.16289922331722873
2020,PAK,Pakistan,15619498.636602981,0.15322294782655055
2020,LTU,Lithuania,13495680.427715842,0.1323888804736585
2020,BLR,Belarus,12908325.44552108,0.1266270910663088
2020,LUX,Luxembourg,11950310.902282571,0.11722923420861672
2020,KAZ,Kazakhstan,11738712.276881225,0.11515351040375255
2020,GRC,Greece,11410689.802052334,0.11193570093905811
2020,ARG,Argentina,11336965.298528263,0.11121248401514641
2020,MMR,MMR,10999020.355775686,0.10789733789321643
2020,EGY,Egypt,10998662.416889602,0.10789382661205797
2020,TUN,Tunisia,10904744.198857281,0.10697251495178443
2020,NZL,New Zealand,10866991.277406203,0.106602169267305
2020,PER,Peru,10761792.401314508,0.10557019748140936
2020,SER,SER,9476881.82389457,0.09296558122923135
2020,EST,Estonia,9409354.227995645,0.09230315424972341
2020,UZB,Uzbekistan,9036401.304891534,0.088644589553887
2020,IRQ,Iraq,8138852.915173677,0.07983988888524547
2020,CRI,Costa Rica,7761403.096172804,0.07613721088837413
2020,QAT,Qatar,7509315.140052514,0.07366429798335906
2020,COL,Colombia,7504179.186413567,0.07361391570318676
2020,HRV,Croatia,7408090.407303057,0.07267131144098181
2020,DOM,Dominican Republic,7171859.484290885,0.07035395163105233
2020,LKA,Sri Lanka,7087368.095717596,0.06952511455219629
2020,LVA,Latvia,6818469.487962067,0.06688729381893631
2020,SPE,SPE,6654768.060033571,0.06528142823168626
2020,IRN,Iran,6517927.718120372,0.06393906244534797
2020,OMN,Oman,6158236.524792117,0.0604105916390026
2020,MKD,North Macedonia,5172302.343946882,0.050738850882993444
2020,JOR,Jordan,4990358.063124135,0.04895402797052728
2020,GHA,Ghana,4868597.410898552,0.04775958975600181
2020,ZMB,Zambia,4416826.264943827,0.043327840162967715
2020,BHR,Bahrain,3747676.403558944,0.03676366568563519
2020,HND,Honduras,3674938.007071997,0.03605012219815163
2020,BFA,Burkina Faso,3615728.0829251404,0.03546928927070365
2020,PNG,Papua New Guinea,3525236.4272216503,0.034581591236139235
2020,KWT,Kuwait,3478382.4280854296,0.034121966504760806
2020,BIH,Bosnia and Herzegovina,3277772.796235031,0.032154041677616534
2020,NIC,Nicaragua,3061220.552259444,0.03002972424897401
2020,TTO,Trinidad and Tobago,2845113.222976717,0.027909771310022063
2020,URY,Uruguay,2739612.3590798015,0.026874837107546998
2020,MLT,Malta,2430281.326803046,0.02384038550814646
2020,GTM,Guatemala,2294252.3889917163,0.022505979370914683
2020,BWA,Botswana,2225646.3689630223,0.02183297334991412
2020,SLV,El Salvador,2217796.4279863574,0.02175596760698391
2020,ISL,Iceland,2193637.4360169927,0.021518974598937583
2020,LAO,Laos,2129355.9047983303,0.020888390613287327
2020,CIV,Côte d'Ivoire,2083993.407580476,0.020443397101894762
2020,LBN,Lebanon,1987556.1520566002,0.01949737438276322
2020,MLI,Mali,1920793.533210052,0.018842451615887948
2020,TZA,Tanzania,1889098.55900406,0.01853153271303994
2020,BOL,Bolivia,1873673.6875063882,0.018380219003444904
2020,ECU,Ecuador,1869146.059952792,0.018335804233383272
2020,NAM,Namibia,1853483.709041392,0.018182160916630788
2020,LBY,Libya,1783372.7614632545,0.01749439197392858
2020,GIN,Guinea,1685754.3381129676,0.016536782326147713
2020,DZA,Algeria,1514241.3484823673,0.014854287486002152
2020,ALB,Albania,1484965.493632916,0.014567099472831023
2020,CYM,Cayman Islands,1478944.7039823271,0.014508037196891836
2020,PAN,Panama,1457522.3988711855,0.014297890327601362
2020,SUR,Suriname,1430292.7733311786,0.014030775256207472
2020,MOZ,Mozambique,1342882.8941411963,0.013173308594168404
2020,MNG,Mongolia,1288708.7035052835,0.012641874815244154
2020,NCL,New Caledonia,1231256.5741849982,0.012078285367325688
2020,SEN,Senegal,1206578.337014586,0.011836198707927275
2020,MDG,Madagascar,1186176.5860437234,0.011636063191589177
2020,SWZ,Eswatini,1107996.5917406431,0.01086913913935941
2020,KGZ,Kyrgyzstan,1077752.7338530165,0.010572455284966675
2020,TJK,Tajikistan,1066082.0824925106,0.010457969433268328
2020,MDA,Moldova,1035402.6078564258,0.01015701229943979
2020,BRN,Brunei,1003112.7798871346,0.009840258046222412
2020,KEN,Kenya,961613.8904996611,0.00943316545564618
2020,HTI,Haiti,949850.2948094016,0.00931776784586136
2020,NGA,Nigeria,924818.2779540567,0.009072210705913748
2020,CYP,Cyprus,916339.250860796,0.008989033802726466
2020,AZE,Azerbaijan,901538.5794271857,0.008843843322568826
2020,LSO,Lesotho,889772.5166667628,0.008728421511510218
2020,PRY,Paraguay,882379.4131731348,0.008655897217534106
2020,VEN,Venezuela,863153.556702556,0.008467296899979168
2020,GEO,Georgia,847412.4798163621,0.00831288130325733
2020,ARM,Armenia,824272.6851388303,0.008085886337856592
2020,MUS,Mauritius,812802.7179148707,0.007973369141855785
2020,CMR,Cameroon,752904.3800579961,0.007385783066920346
2020,MRT,Mauritania,750156.1779745489,0.0073588239670000655
2020,ETH,Ethiopia,725434.7825671636,0.007116313937271664
2020,TKM,Turkmenistan,704709.705271193,0.0069130066793946345
2020,COG,Congo,701290.5208088474,0.006879465428508669
2020,CUB,Cuba,701172.4142278762,0.006878306835719287
2020,MHL,Marshall Islands,646835.758952349,0.006345279323757989
2020,GAB,Gabon,615034.5289017498,0.006033318080556214
2020,BHS,Bahamas,544613.659104409,0.00534250888687489
2020,GUY,Guyana,481015.9383700877,0.004718632892345416
2020,AGO,Angola,456667.8379390918,0.004479784782760672
2020,NPL,Nepal,433222.95411334827,0.0042497969774662565
2020,LBR,Liberia,407774.38494487264,0.004000153574903769
2020,MAC,Macao,368755.4501503199,0.0036173886507939136
2020,ZWE,Zimbabwe,365285.14506657963,0.0035833459207960322
2020,SLB,Solomon Islands,352410.5469388446,0.0034570496853591963
2020,GNQ,Equatorial Guinea,305365.2548880975,0.0029955484235655474
2020,JAM,Jamaica,302354.4504401056,0.002966013267310945
2020,NER,Niger,257373.33148506575,0.002524760970859074
2020,BMU,Bermuda,230964.93499523768,0.0022657019285885717
2020,SUD,SUD,227869.67491152257,0.002235338285980653
2020,UGA,Uganda,227149.93675353832,0.00222827785434995
2020,SLE,Sierra Leone,211332.60182273074,0.0020731141873690678
2020,FJI,Fiji,166338.85044790496,0.001631737970384098
2020,BTN,Bhutan,150105.74541935005,0.001472495714104217
2020,FLK,Falkland Islands,138890.44015431902,0.0013624766812617888
2020,SYR,Syria,135464.31436227827,0.0013288673378574584
2020,TGO,Togo,130704.32426475165,0.0012821731557113637
2020,MNT,MNT,120947.25338982596,0.001186458997632994
2020,BEN,Benin,117723.22797861465,0.0011548322028896681
2020,ATG,ATG,114044.79235357646,0.00111874777002972
2020,GIB,GIB,107122.58065676266,0.001050842793926344
2020,DJI,Djibouti,104777.48698907379,0.001027838075717872
2020,SMR,San Marino,103487.56697999295,0.0010151843183310212
2020,VGB,VGB,96145.92399007728,9.431648376180565e-4
2020,CAF,Central African Republic,94308.27944361023,9.251380544915333e-4
2020,RWA,Rwanda,85045.23276194376,8.342701366766908e-4
2020,YEM,Yemen,82522.98122296692,8.095275489052476e-4
2020,PRK,PRK,80137.12604914776,7.861229716313574e-4
2020,NIU,NIU,78530.30582136051,7.70360511026384e-4
2020,AND,Andorra,74921.86642671046,7.349627217653336e-4
2020,KNA,St. Kitts and Nevis,61122.96638555498,5.995993410153876e-4
2020,PYF,French Polynesia,60760.875568072726,5.960473305618932e-4
2020,SXM,Sint Maarten,53488.21198095184,5.247045186512651e-4
2020,BRB,Barbados,53153.47495347095,5.214208412880797e-4
2020,AFG,Afghanistan,49573.68361221155,4.8630408148208005e-4
2020,FRO,Faroe Islands,47104.45078546162,4.620815925669688e-4
2020,BLM,BLM,46255.43375596315,4.5375297107652966e-4
2020,ABW,Aruba,43942.4816613629,4.3106355278203047e-4
2020,MWI,Malawi,43611.116591847735,4.2781295339090265e-4
2020,FRE,FRE,40144.71734,3.93808538520172e-4
2020,CUW,Curaçao,38064.605800366124,3.734032214657672e-4
2020,GMB,Gambia,36558.55474052975,3.586292784388982e-4
2020,WSM,Samoa,35396.66853467515,3.472314971373361e-4
2020,PSE,Palestine,33067.90378354449,3.243869610696659e-4
2020,GRL,Greenland,25020.44660898956,2.454436390411554e-4
2020,SYC,Seychelles,23178.103941946123,2.2737076865532213e-4
2020,MDV,Maldives,21715.330983344644,2.130213717935911e-4
2020,BLZ,Belize,19886.24929295768,1.9507858790935673e-4
2020,CPV,Cabo Verde,19518.449498501006,1.914705739757605e-4
2020,DMA,Dominica,18020.11452510291,1.7677232361593953e-4
2020,PLW,Palau,14455.622975570415,1.418056505216884e-4
2020,VCT,St. Vincent and the Grenadines,14367.158121509203,1.4093783484887674e-4
2020,COM,Comoros,14201.837285768002,1.3931608332030625e-4
2020,VUT,Vanuatu,13642.566634471954,1.338297934067721e-4
2020,TCD,Chad,9866.90915157627,9.679164109649604e-5
2020,ATA,ATA,9815.919981465726,9.629145148520732e-5
2020,TKL,TKL,9717.58683950595,9.532683064617377e-5
2020,SOM,Somalia,9099.04386582391,8.92590956957788e-5
2020,LCA,St. Lucia,8723.256946271154,8.557273028110408e-5
2020,STP,Sao Tome and Principe,8541.672410582005,8.379143636858333e-5
2020,AIA,AIA,7183.992096143292,7.047296918700031e-5
2020,GUM,Guam,6657.3292344388055,6.530655264197611e-5
2020,COK,Cook Islands,6427.8520956142265,6.30554455810166e-5
2020,CXR,CXR,6412.671248680332,6.290652568468496e-5
2020,UMI,UMI,6304.26141902442,6.18430553352381e-5
2020,NRU,Nauru,5747.803157953829,5.638435418948765e-5
2020,BDI,Burundi,5317.9661695194245,5.21677725958591e-5
2020,BUN,BUN,4932.341018176,4.838489685704156e-5
2020,VAT,VAT,4699.61068829661,4.6101876894467315e-5
2020,SSD,South Sudan,4418.642585890172,4.334565776749351e-5
2020,TCA,Turks and Caicos Islands,4282.928549312694,4.2014340723993054e-5
2020,CCK,CCK,3824.495966817001,3.751724428677956e-5
2020,GRD,Grenada,3680.10334786331,3.610079275813484e-5
2020,ATF,ATF,3636.91275804254,3.5677105055688525e-5
2020,ERI,Eritrea,3457.234585375936,3.391451203547795e-5
2020,ASM,American Samoa,3454.76247112414,3.3890261280582615e-5
2020,FSM,Micronesia,3062.373165409824,3.004103106417428e-5
2020,MSR,MSR,2886.052478786972,2.8311374050482158e-5
2020,SHN,SHN,2470.259042904953,2.4232555810857237e-5
2020,BES,BES,2233.29305773518,2.1907985245112632e-5
2020,TUV,Tuvalu,2145.075182293856,2.1042592364035186e-5
2020,TMP,TMP,2126.607445744677,2.0861428992560624e-5
2020,TON,Tonga,1914.852735140511,1.8784174035164313e-5
2020,MNP,Northern Mariana Islands,1911.235434094052,1.874868931555778e-5
2020,SPM,SPM,1895.285402504,1.859222393116783e-5
2020,WLF,WLF,1520.990837346093,1.4920498099036746e-5
2020,IOT,IOT,1445.67613662463,1.4181681781836006e-5
2020,GNB,Guinea-Bissau,1285.82857711917,1.2613621574518541e-5
2020,KIR,Kiribati,1237.98610249177,1.214430017283484e-5
2020,PCN,PCN,829.66739386834,8.138806933672904e-6
2020,NFK,NFK,708.293010407089,6.9481579085510805e-6
2020,ESH,ESH,424.146078298539,4.1607553442001664e-6
2020,HMD,HMD,342.868127916,3.3634412023922678e-6
2020,BVT,BVT,103.16399309768,1.0120101483245982e-6
2020,SGS,SGS,56.4657191553,5.539130378901099e-7
2020,BAT,BAT,3.67170328,3.6018390423085285e-8
2021,CHN,China,2129638720.4947557,17.224519678979792
2021,DEU,Germany,1188980731.8884404,9.616477112879705
2021,USA,United States,1009031077.0623393,8.161044160356322
2021,JPN,Japan,590866623.9161994,4.778929728011579
2021,KOR,South Korea,476738988.6003902,3.8558653220658163
2021,ITA,Italy,430660061.4684079,3.483178922474661
2021,MEX,Mexico,415299124.7342015,3.358939653851468
2021,FRA,France,409175695.7546642,3.309413355354992
2021,NLD,Netherlands,355004195.49437886,2.871274217813216
2021,VNM,Vietnam,325766107.1488626,2.634796535830567
2021,CHE,Switzerland,307588693.806279,2.4877776021404707
2021,BEL,Belgium,297310308.18762803,2.4046460110152554
2021,GBR,United Kingdom,288438978.1896193,2.3328946868780203
2021,CAN,Canada,287694400.960329,2.3268725456504926
2021,ESP,Spain,239234257.05328646,1.9349268628733078
2021,MYS,Malaysia,217571751.4443547,1.7597205001385194
2021,IND,India,209891857.89527655,1.6976055149555702
2021,POL,Poland,206881055.99394032,1.6732541467633972
2021,IRL,Ireland,205904849.54512158,1.665358588222595
2021,THA,Thailand,199377625.16826576,1.6125663922288302
2021,CZE,Czechia,148702971.9121461,1.2027097560606392
2021,AUT,Austria,140168894.3050206,1.1336861295312888
2021,SWE,Sweden,135031343.33381966,1.0921336131567492
2021,SGP,Singapore,133416928.36850837,1.0790762236228175
2021,TUR,Turkey,127356445.24592517,1.030059031267859
2021,RUS,Russia,123464283.17881346,0.9985792213481889
2021,IDN,Indonesia,100831492.88638476,0.8155251953152691
2021,HUN,Hungary,98204460.46165843,0.7942777549576369
2021,ZAF,South Africa,89828267.55222757,0.7265310999898379
2021,BRA,Brazil,80005478.30483441,0.6470843726806688
2021,SVK,Slovakia,78447478.37424201,0.6344832679927791
2021,DNK,Denmark,74343455.88800202,0.6012899308333225
2021,ARE,United Arab Emirates,72260950.8074539,0.5844466280720244
2021,FIN,Finland,65521141.07829219,0.5299350415783513
2021,PHL,Philippines,63540717.70132025,0.51391737571743
2021,HKG,Hong Kong,63505002.4647793,0.5136285108556491
2021,ROM,ROM,62481680.9300797,0.505351885462464
2021,PRT,Portugal,55421424.036137834,0.44824852204310334
2021,AUS,Australia,52437841.94170978,0.4241173076710296
2021,ISR,Israel,51171309.051985815,0.41387358864339213
2021,BGD,Bangladesh,47916055.70297978,0.3875450969464563
2021,SAU,Saudi Arabia,39615392.34303828,0.3204093250354896
2021,CHL,Chile,34632936.482139945,0.2801112180374379
2021,NOR,Norway,34177793.41091477,0.27643002051241916
2021,SVN,Slovenia,29202920.45109222,0.23619324402434863
2021,MAR,Morocco,25565408.94920094,0.206773048080369
2021,UKR,Ukraine,24043076.96508949,0.194460425772217
2021,BGR,Bulgaria,22401971.462258697,0.18118716314942623
2021,KHM,Cambodia,21729322.865379065,0.1757467807585108
2021,PAK,Pakistan,20587845.27317312,0.16651450907747278
2021,KAZ,Kazakhstan,18614150.431020003,0.15055126361156138
2021,LTU,Lithuania,17520963.564495087,0.1417095673585527
2021,BLR,Belarus,17106953.867870025,0.13836105660028186
2021,EGY,Egypt,16471851.888363024,0.13322435128078242
2021,ARG,Argentina,15930335.90803098,0.12884456959765056
2021,LUX,Luxembourg,15017645.531621102,0.12146272910142067
2021,PER,Peru,14380324.890224522,0.11630807924277932
2021,NZL,New Zealand,13850319.557077724,0.11202139568331135
2021,TUN,Tunisia,13632618.274301339,0.11026062753365551
2021,GRC,Greece,13472869.549703771,0.10896857972101832
2021,EST,Estonia,12021595.94314302,0.09723067762747344
2021,MMR,MMR,11886823.14186806,0.09614063510269606
2021,SER,SER,11862013.746256255,0.09593997669109473
2021,OMN,Oman,11313558.185008429,0.09150406767195163
2021,CRI,Costa Rica,10976804.20920605,0.08878040124564096
2021,HRV,Croatia,9385107.212443031,0.0759067546595438
2021,IRN,Iran,9380159.424602738,0.07586673694752419
2021,UZB,Uzbekistan,9345120.81629808,0.07558334465546095
2021,COL,Colombia,9324681.435949046,0.07541803093080895
2021,QAT,Qatar,9323195.856123064,0.07540601555998522
2021,LVA,Latvia,8799595.352710608,0.07117113426854424
2021,LKA,Sri Lanka,8730597.940305447,0.07061308314168678
2021,SPE,SPE,8292411.516218325,0.06706903099231705
2021,DOM,Dominican Republic,8029419.990451914,0.06494195532104259
2021,BHR,Bahrain,6717681.943835868,0.05433261694821494
2021,JOR,Jordan,6456334.6565885525,0.052218839879401326
2021,MKD,North Macedonia,6442933.365909891,0.0521104502296467
2021,TTO,Trinidad and Tobago,5519865.9249416245,0.04464468002694786
2021,ZMB,Zambia,5412044.657612171,0.0437726215303324
2021,HND,Honduras,5146651.160063372,0.04162611870935601
2021,BIH,Bosnia and Herzegovina,4433222.943146082,0.03585591071887747
2021,NIC,Nicaragua,4403766.81028118,0.035617669492647185
2021,GHA,Ghana,4379891.084485117,0.03542456260326425
2021,BFA,Burkina Faso,4009172.984387645,0.03242619431242126
2021,URY,Uruguay,3908049.1846042965,0.031608304938688964
2021,GIN,Guinea,3658665.349299137,0.029591288278776228
2021,ISL,Iceland,3523603.953557691,0.0284989116017225
2021,KWT,Kuwait,3388049.534436104,0.027402547351174863
2021,DZA,Algeria,3383871.425179232,0.027368754800155132
2021,BOL,Bolivia,3293163.891131097,0.026635112192041368
2021,LAO,Laos,3187861.9830534486,0.025783430275074626
2021,GTM,Guatemala,3146127.9652285343,0.02544588550544294
2021,PNG,Papua New Guinea,3036765.97943463,0.0245613656766516
2021,SLV,El Salvador,3026425.491098099,0.02447773179869438
2021,CIV,Côte d'Ivoire,3009976.750871364,0.024344694374551376
2021,MLT,Malta,2882677.9537779763,0.02331510160158746
2021,TZA,Tanzania,2857920.7982686446,0.023114865707976842
2021,BWA,Botswana,2856513.6949446993,0.02310348505516451
2021,CYM,Cayman Islands,2185963.228196486,0.017680072342434332
2021,NAM,Namibia,2066400.2529657416,0.01671304690289833
2021,ALB,Albania,2065506.8154682124,0.016705820779701924
2021,MOZ,Mozambique,2010807.903849901,0.016263415938673535
2021,ECU,Ecuador,1944880.7201904128,0.015730196824372895
2021,BRN,Brunei,1884791.3335630784,0.015244193817149258
2021,MLI,Mali,1880740.8915769362,0.015211433839117555
2021,VEN,Venezuela,1869022.3524894884,0.015116654285581945
2021,KGZ,Kyrgyzstan,1823335.8734004574,0.014747142006076859
2021,SEN,Senegal,1659407.7576867857,0.013421291274741431
2021,PAN,Panama,1630192.5667034753,0.013184998786642664
2021,NGA,Nigeria,1602278.070144737,0.012959226316092778
2021,MNG,Mongolia,1597656.9852205922,0.012921850977520946
2021,LBN,Lebanon,1567163.1394250102,0.012675216728275256
2021,SWZ,Eswatini,1561726.6173798505,0.012631246133614814
2021,AZE,Azerbaijan,1548844.5186696101,0.012527055708917075
2021,MDG,Madagascar,1538481.3496759464,0.012443238389786773
2021,MDA,Moldova,1427873.4589775396,0.011548641681128817
2021,PRY,Paraguay,1299812.6505851804,0.010512885760167817
2021,SUR,Suriname,1286891.7614003485,0.010408381598080479
2021,MHL,Marshall Islands,1282238.705205946,0.01037074767584917
2021,HTI,Haiti,1278170.0158643604,0.010337840113192009
2021,IRQ,Iraq,1264461.5401814894,0.010226965950877017
2021,KEN,Kenya,1248286.1809450595,0.010096139632402808
2021,GEO,Georgia,1163253.696500477,0.009408396830033028
2021,NCL,New Caledonia,1150360.178871342,0.009304114049110114
2021,LBY,Libya,1102343.7533573708,0.00891575716105188
2021,COG,Congo,1070686.6905252435,0.008659714811481903
2021,CYP,Cyprus,1059435.2225603478,0.008568712929560008
2021,LSO,Lesotho,965225.977760769,0.007806748482080775
2021,MUS,Mauritius,963541.3511631412,0.007793123220808369
2021,BHS,Bahamas,904840.4065649379,0.0073183499338296465
2021,AGO,Angola,872094.2793965889,0.00705349923103506
2021,ARM,Armenia,852607.5429386181,0.006895890490937851
2021,LBR,Liberia,852137.3483324436,0.006892087556586093
2021,CMR,Cameroon,838282.4692614393,0.006780029283550488
2021,TKM,Turkmenistan,828827.7925416545,0.006703559850659781
2021,CUB,Cuba,827626.3146714588,0.00669384229668225
2021,TJK,Tajikistan,804838.4914103061,0.00650953436387398
2021,GAB,Gabon,698373.8092086308,0.005648447928859755
2021,ETH,Ethiopia,650562.1357498164,0.005261747075587806
2021,MRT,Mauritania,628376.9768111034,0.0050823134923026645
2021,ZWE,Zimbabwe,544038.4789896556,0.004400183654297261
2021,NPL,Nepal,531497.0477616241,0.0042987485484687876
2021,GNQ,Equatorial Guinea,510464.8379644527,0.004128640018764909
2021,NER,Niger,432265.2368547642,0.003496161582286596
2021,MAC,Macao,412785.4156749754,0.0033386087729648673
2021,SLB,Solomon Islands,375650.17800585483,0.003038258940920699
2021,BUN,BUN,340456.5617408115,0.0027536129443495663
2021,SLE,Sierra Leone,277430.0119352274,0.0022438541589851276
2021,BTN,Bhutan,272276.71249465615,0.0022021742689776933
2021,JAM,Jamaica,268887.8556419891,0.0021747651920360185
2021,GUY,Guyana,266004.84263445745,0.0021514473805194032
2021,UGA,Uganda,256762.8773276719,0.002076698357707593
2021,SUD,SUD,240941.26889193605,0.001948733175993047
2021,BEN,Benin,218496.58239965743,0.0017672005336465694
2021,TGO,Togo,209234.5161795452,0.0016922889346316556
2021,YEM,Yemen,208915.63993113546,0.0016897098632788316
2021,BMU,Bermuda,205614.16877969657,0.0016630075619587597
2021,MNT,MNT,202575.24596963066,0.001638428751834233
2021,SYR,Syria,194438.56454159168,0.0015726192659199804
2021,FJI,Fiji,185810.04724495803,0.0015028318111061625
2021,VGB,VGB,184711.61181216314,0.001493947664444954
2021,SMR,San Marino,139531.4633611708,0.0011285305875463176
2021,PYF,French Polynesia,130637.85275033068,0.0010565990577946372
2021,DJI,Djibouti,112372.84956497302,9.088716973859511e-4
2021,VCT,St. Vincent and the Grenadines,97930.36727125535,7.920608890138793e-4
2021,GIB,GIB,89416.56027669061,7.232012112151737e-4
2021,ATG,ATG,86093.42593146159,6.963236979663571e-4
2021,AND,Andorra,82277.94729857052,6.65464103724151e-4
2021,PRK,PRK,80677.0044933303,6.525156770316766e-4
2021,CAF,Central African Republic,79957.38937991088,6.466954294173278e-4
2021,BRB,Barbados,71246.3474250959,5.762405151019688e-4
2021,FRO,Faroe Islands,64031.91078121981,5.178901457415134e-4
2021,AFG,Afghanistan,62260.44740974646,5.035625485726161e-4
2021,KNA,St. Kitts and Nevis,60758.85872098067,4.914176980538525e-4
2021,CUW,Curaçao,60239.67389218083,4.8721853074221893e-4
2021,SXM,Sint Maarten,56260.099617219166,4.550317308153683e-4
2021,FRE,FRE,56040.510240999996,4.532556917644333e-4
2021,BLZ,Belize,55094.16897414421,4.4560168283929444e-4
2021,GMB,Gambia,52659.78677372425,4.259123976503256e-4
2021,MWI,Malawi,48699.22068959506,3.9387933598616947e-4
2021,RWA,Rwanda,46805.26841656175,3.785610484832394e-4
2021,CPV,Cabo Verde,45702.68274817369,3.696433347132254e-4
2021,ABW,Aruba,41288.274878798424,3.339396003260929e-4
2021,GRL,Greenland,33012.93133979442,2.6700861514717094e-4
2021,NRU,Nauru,31805.586304791545,2.5724360753597654e-4
2021,SYC,Seychelles,29400.120169437898,2.3778819550445007e-4
2021,BLM,BLM,24103.99794665166,1.949531547199404e-4
2021,MDV,Maldives,21604.29630661149,1.7473556585094802e-4
2021,COM,Comoros,20267.980057771503,1.6392743895882547e-4
2021,SOM,Somalia,18887.96588190496,1.5276588319787363e-4
2021,WSM,Samoa,16797.448044370318,1.3585777325164373e-4
2021,DMA,Dominica,16560.084413667468,1.339379760161927e-4
2021,TKL,TKL,15583.812046185314,1.2604188432518794e-4
2021,PSE,Palestine,13635.532003080481,1.1028419377435755e-4
2021,KIR,Kiribati,13303.272976798715,1.075968825033738e-4
2021,ASM,American Samoa,11462.301842155075,9.270710649022151e-5
2021,UMI,UMI,11445.06252641532,9.25676748906953e-5
2021,LCA,St. Lucia,10725.227908410563,8.674565192308447e-5
2021,TCD,Chad,10248.635176391403,8.289096952436491e-5
2021,MSR,MSR,9864.203141522785,7.978168291809659e-5
2021,FLK,Falkland Islands,9827.683999144288,7.948631606525698e-5
2021,GUM,Guam,9200.885964045561,7.441677305479006e-5
2021,FSM,Micronesia,8471.705154515666,6.85191580826298e-5
2021,VUT,Vanuatu,8430.698417006959,6.818749555677876e-5
2021,COK,Cook Islands,7925.811080517228,6.410396637441363e-5
2021,BDI,Burundi,6851.660770850892,5.5416237808541325e-5
2021,STP,Sao Tome and Principe,6696.623455030488,5.4162295873871594e-5
2021,CXR,CXR,6671.294985282916,5.3957439190243986e-5
2021,TUV,Tuvalu,6658.9488616712615,5.3857583732573376e-5
2021,ATA,ATA,6431.571183639235,5.201855289033104e-5
2021,SSD,South Sudan,6280.140290139954,5.07937797022863e-5
2021,CCK,CCK,6153.812437046345,4.9772039925171144e-5
2021,TMP,TMP,5697.139123419127,4.6078465798377695e-5
2021,VAT,VAT,5315.176592691067,4.298915254357834e-5
2021,TCA,Turks and Caicos Islands,5217.222151389792,4.219689694379036e-5
2021,NIU,NIU,5035.199740292221,4.072469953688132e-5
2021,ERI,Eritrea,4623.107232967129,3.739169500720591e-5
2021,PLW,Palau,4047.704205977476,3.273783486353548e-5
2021,GNB,Guinea-Bissau,3936.282373100994,3.1836654989888605e-5
2021,GRD,Grenada,3864.550400152898,3.125648673516722e-5
2021,SHN,SHN,3026.0185553931187,2.4474440502386202e-5
2021,AIA,AIA,2546.053260361195,2.059248081131518e-5
2021,BES,BES,2531.8442614249275,2.047755841652538e-5
2021,ATF,ATF,2520.2940849048546,2.0384140579569697e-5
2021,PCN,PCN,2164.1125911848126,1.750334437276332e-5
2021,TON,Tonga,1849.6154853134503,1.4959691528301051e-5
2021,MNP,Northern Mariana Islands,1593.3671144698785,1.2887154499449408e-5
2021,SPM,SPM,1229.3145332407435,9.942696930558173e-6
2021,HMD,HMD,1140.14161340697,9.221466283440673e-6
2021,IOT,IOT,1015.7961161862069,8.215759802214607e-6
2021,NFK,NFK,780.5126110994793,6.312786624414677e-6
2021,WLF,WLF,343.7829808831008,2.78051702503964e-6
2021,SGS,SGS,321.57320497539,2.6008843396895064e-6
2021,ESH,ESH,285.87377227951,2.312147299420185e-6
2021,BVT,BVT,78.0185209874725,6.310138603046344e-7
2021,BAT,BAT,2.57848375,2.085477863751773e-8
2022,CHN,China,2328545309.451863,17.815393261731515
2022,DEU,Germany,1165617934.1651201,8.917989186547961
2022,USA,United States,1124736124.8576295,8.605207851734466
2022,JPN,Japan,587136896.1678799,4.492107008287288
2022,KOR,South Korea,499650059.9072542,3.822756754770144
2022,MEX,Mexico,479807512.7180705,3.6709440414616
2022,ITA,Italy,441049203.6810585,3.374409327341464
2022,FRA,France,415522335.13786006,3.1791066205435206
2022,VNM,Vietnam,365160253.2018768,2.793792969343711
2022,NLD,Netherlands,343046210.8597665,2.6246013460018323
2022,CAN,Canada,337382901.2348395,2.581272110482351
2022,CHE,Switzerland,315535173.29632604,2.4141180235423123
2022,BEL,Belgium,298964356.16548127,2.287336885698046
2022,GBR,United Kingdom,268878708.2921355,2.0571555590895447
2022,ESP,Spain,248804819.37956405,1.9035728807460617
2022,IND,India,234339651.27061644,1.7929017860450436
2022,MYS,Malaysia,218800752.74426514,1.674015721437499
2022,THA,Thailand,215597075.29391047,1.6495048075076153
2022,IRL,Ireland,215139688.78165182,1.6460054035855942
2022,POL,Poland,211090386.82254308,1.6150247279920391
2022,CZE,Czechia,155283007.87614027,1.1880498270524122
2022,AUT,Austria,146282635.29924554,1.1191891627103348
2022,SGP,Singapore,142119137.31414887,1.0873347883729143
2022,SWE,Sweden,135593617.74307573,1.037408898194226
2022,TUR,Turkey,135146729.76067203,1.0339898171404254
2022,IDN,Indonesia,127683684.01574613,0.9768910377709806
2022,RUS,Russia,103429837.80902109,0.7913280570858096
2022,HUN,Hungary,101866627.78433043,0.7793681432170514
2022,BRA,Brazil,98223448.76341806,0.7514946606968756
2022,ZAF,South Africa,89238730.50549151,0.6827537654859939
2022,SVK,Slovakia,80217539.61997394,0.6137338230084838
2022,ARE,United Arab Emirates,77031176.904694,0.5893553818345848
2022,PHL,Philippines,75377129.62039363,0.5767004840648493
2022,DNK,Denmark,73280684.58753052,0.5606608594286202
2022,FIN,Finland,67003474.9946848,0.5126347561662427
2022,ROM,ROM,66546778.24091231,0.5091406294954894
2022,PRT,Portugal,60869729.15231574,0.4657062751503252
2022,BGD,Bangladesh,60176026.00451018,0.46039884379612644
2022,ISR,Israel,60050992.39449921,0.45944222812528784
2022,HKG,Hong Kong,58862124.43378623,0.4503463560499618
2022,AUS,Australia,55626215.492287025,0.4255888432294223
2022,SAU,Saudi Arabia,46778466.195634834,0.3578958794888232
2022,CHL,Chile,45284795.52654133,0.3464680020644932
2022,SVN,Slovenia,36175965.99403277,0.2767775478495765
2022,NOR,Norway,34700137.39613131,0.2654861777603625
2022,MAR,Morocco,29807501.414720025,0.22805326471309256
2022,KHM,Cambodia,28166470.561517425,0.21549795394212842
2022,BGR,Bulgaria,25104336.067160178,0.19206996651330335
2022,PAK,Pakistan,23063162.674463328,0.17645321791121701
2022,KAZ,Kazakhstan,22393739.239988655,0.17133154744366116
2022,EGY,Egypt,19614272.398549754,0.15006621297188613
2022,LTU,Lithuania,18455144.7648447,0.1411978802187404
2022,ARG,Argentina,18145582.460616574,0.1388294598292183
2022,MMR,MMR,16973734.22304118,0.12986380341242862
2022,OMN,Oman,16093440.065218972,0.12312878883317652
2022,LUX,Luxembourg,15575132.406223988,0.1191632852468466
2022,PER,Peru,15460494.851303516,0.1182862084233115
2022,TUN,Tunisia,15304699.081861533,0.11709423552510051
2022,GRC,Greece,14883881.36139523,0.11387461460933772
2022,NZL,New Zealand,13690622.185684592,0.10474514592682416
2022,CRI,Costa Rica,13640200.250602884,0.10435937434709501
2022,QAT,Qatar,13118636.658256242,0.10036896004382163
2022,SER,SER,12752894.128557181,0.09757071215374166
2022,UKR,Ukraine,12565058.280611856,0.096133604837764855
2022,EST,Estonia,11685693.060706627,0.08940569744008209
2022,HRV,Croatia,11439054.682423057,0.08751869971462584
2022,COL,Colombia,10706210.56914334,0.0819118059923403
2022,LKA,Sri Lanka,10007638.861565555,0.07656712592899759
2022,BHR,Bahrain,9121351.649084888,0.06978625927843467
2022,JOR,Jordan,8743082.911520315,0.0668921750229224
2022,UZB,Uzbekistan,8741313.502773372,0.06687863750980655
2022,IRN,Iran,8734702.327105857,0.0668280562761234
2022,DOM,Dominican Republic,8695746.393988347,0.06653000956621011
2022,LVA,Latvia,8563161.810944147,0.06551562239590801
2022,TTO,Trinidad and Tobago,7855215.208313318,0.06009921624612004
2022,ZMB,Zambia,7328751.156356348,0.056071309172245704
2022,MKD,North Macedonia,6700044.909215153,0.05126116053847728
2022,HND,Honduras,5988486.774516616,0.045817123032837054
2022,GHA,Ghana,5817336.306563267,0.0445076733600557
2022,NIC,Nicaragua,5599782.477477476,0.04284319768718539
2022,DZA,Algeria,5176041.881996408,0.039601214239917804
2022,BIH,Bosnia and Herzegovina,4844892.477215805,0.0370676337892357
2022,URY,Uruguay,4734197.2817623075,0.03622071943838181
2022,BLR,Belarus,4393242.616683248,0.03361212023348368
2022,BOL,Bolivia,4326379.135322636,0.03310055655016065
2022,LAO,Laos,4175914.781742715,0.031949373612032844
2022,ISL,Iceland,4051780.609782863,0.030999639423177933
2022,KWT,Kuwait,3824415.545574166,0.029260099283497217
2022,CIV,Côte d'Ivoire,3714031.7086348813,0.028415567095598702
2022,TZA,Tanzania,3684879.7332746666,0.028192529174330686
2022,NGA,Nigeria,3669010.2615497275,0.028071113937750098
2022,SPE,SPE,3656314.0634536273,0.027973976999468183
2022,GTM,Guatemala,3582219.239382973,0.02740708726615728
2022,SLV,El Salvador,3329012.494800965,0.025469835835858438
2022,PNG,Papua New Guinea,3250194.074999467,0.024866806494177957
2022,BFA,Burkina Faso,3223867.6635245937,0.02466538658978905
2022,MLT,Malta,3122511.553053076,0.02388992434724645
2022,BWA,Botswana,3045525.945228463,0.02330091760843759
2022,GIN,Guinea,2919117.9997208086,0.022333787077850442
2022,SEN,Senegal,2677449.5596648282,0.020484813694738577
2022,MDG,Madagascar,2554821.1159075988,0.01954659963390785
2022,ALB,Albania,2521412.7239427185,0.019290996430190714
2022,MOZ,Mozambique,2512957.304568612,0.01922630513097866
2022,ECU,Ecuador,2316167.49319127,0.017720692220910533
2022,BRN,Brunei,2307090.240187573,0.01765124335455578
2022,VEN,Venezuela,2078636.930437484,0.01590337719166799
2022,NCL,New Caledonia,2059533.0727685362,0.01575721609451993
2022,NAM,Namibia,1924338.912576065,0.014722863393397111
2022,CYM,Cayman Islands,1898674.9038565354,0.014526511445185053
2022,MLI,Mali,1841609.9012911427,0.014089914631690577
2022,PAN,Panama,1827039.148896402,0.013978435725534904
2022,MNG,Mongolia,1644032.1132072238,0.012578273015695286
2022,GEO,Georgia,1591021.0362393972,0.012172692252642812
2022,KEN,Kenya,1561702.0421561233,0.011948376493137638
2022,PRY,Paraguay,1553882.2618539894,0.011888548384688398
2022,SUR,Suriname,1504523.907308011,0.011510914119458844
2022,MHL,Marshall Islands,1269482.061231403,0.009712639933502016
2022,BHS,Bahamas,1267387.55192463,0.009696615118850976
2022,MDA,Moldova,1252946.9222467202,0.009586131764451677
2022,MRT,Mauritania,1252407.6709103666,0.00958200602355024
2022,LBY,Libya,1238358.6676585304,0.0094745189513207
2022,SWZ,Eswatini,1235406.53852071,0.0094519326003761
2022,HTI,Haiti,1211156.682918232,0.009266400151278062
2022,LBN,Lebanon,1210648.6394598258,0.009262513177737621
2022,AZE,Azerbaijan,1146759.7412803425,0.008773707638285116
2022,LBR,Liberia,1127493.2268755974,0.008626302075889533
2022,COG,Congo,1112303.2652663179,0.008510085681644828
2022,AGO,Angola,1090972.1867833496,0.008346884411595075
2022,CYP,Cyprus,1081408.0143163211,0.008273710188602075
2022,MUS,Mauritius,1072005.4433175991,0.008201772357144109
2022,CUB,Cuba,1055237.5563848624,0.00807348346421925
2022,LSO,Lesotho,1041673.9484964393,0.007969710087940363
2022,TKM,Turkmenistan,1037065.2327591082,0.007934449411260033
2022,IRQ,Iraq,1023022.8535393873,0.007827013018627165
2022,CMR,Cameroon,949904.8305826386,0.00726759666189695
2022,TJK,Tajikistan,888777.3655678674,0.0067999184836324104
2022,ARM,Armenia,880110.2060641638,0.006733607188596034
2022,GAB,Gabon,846588.2792915332,0.006477135345028616
2022,ETH,Ethiopia,845998.4711447149,0.006472622800633673
2022,UGA,Uganda,807269.479394203,0.006176312389208549
2022,ZWE,Zimbabwe,779741.2921616202,0.005965697856890736
2022,NPL,Nepal,670305.1815445228,0.005128416598173513
2022,SUD,SUD,476832.335130116,0.0036481813498627927
2022,MAC,Macao,457326.0936919232,0.003498941667530182
2022,MDV,Maldives,456013.58997361804,0.0034888998745686377
2022,GNQ,Equatorial Guinea,398234.2768176983,0.003046837964891751
2022,SLB,Solomon Islands,387572.0950381731,0.0029652630173658107
2022,YEM,Yemen,372516.7429678178,0.002850076502961957
2022,NER,Niger,346199.6396078117,0.0026487278137330957
2022,TKL,TKL,320357.308183981,0.0024510115420132545
2022,GUY,Guyana,307416.93254127563,0.002352006433504717
2022,TGO,Togo,293981.15268352465,0.002249211052640846
2022,BTN,Bhutan,276093.7290706198,0.002112356732130288
2022,BEN,Benin,255303.41954636754,0.0019532928141106445
2022,KGZ,Kyrgyzstan,237937.04468844485,0.001820424968950539
2022,SLE,Sierra Leone,226215.62793378418,0.0017307459542363762
2022,MNT,MNT,205881.0370999401,0.0015751686798535938
2022,DJI,Djibouti,180033.51318607826,0.0013774126810768917
2022,SYR,Syria,179367.6407297425,0.00137231817867506
2022,FJI,Fiji,170758.2838916485,0.0013064491242149052
2022,SMR,San Marino,166891.27955791904,0.001276863183726409
2022,PRK,PRK,123000.88466062491,9.410635570951137e-4
2022,PYF,French Polynesia,112345.72891719949,8.595423648453456e-4
2022,RWA,Rwanda,111363.902106118,8.5203053731795e-4
2022,AND,Andorra,105290.5920065321,8.055644422046716e-4
2022,ATG,ATG,97550.0058527613,7.463422377468153e-4
2022,SXM,Sint Maarten,94623.99451856688,7.239557106754446e-4
2022,JAM,Jamaica,91569.38329403716,7.005852827925075e-4
2022,CAF,Central African Republic,90387.74589107597,6.915447307615573e-4
2022,BRB,Barbados,86467.20296836433,6.615491735851122e-4
2022,VGB,VGB,72363.826115445,5.536460961000943e-4
2022,AFG,Afghanistan,63754.08444291479,4.8777409732238936e-4
2022,FRO,Faroe Islands,63479.38823189875,4.856724328167026e-4
2022,GMB,Gambia,58682.139014406384,4.4896931132825773e-4
2022,FRE,FRE,58432.068958,4.4705605828577696e-4
2022,CUW,Curaçao,57747.1914056983,4.418161503995701e-4
2022,GIB,GIB,54948.670766638425,4.2040503783347615e-4
2022,BLZ,Belize,50030.1868912409,3.8277436595605453e-4
2022,KNA,St. Kitts and Nevis,41419.94351058523,3.1689852867560647e-4
2022,SYC,Seychelles,41332.22157136335,3.1622737968031923e-4
2022,BMU,Bermuda,40782.60027265431,3.120222995636561e-4
2022,TCD,Chad,36246.86418662115,2.7731998057673065e-4
2022,ABW,Aruba,35567.66470792347,2.7212351488330134e-4
2022,MWI,Malawi,34656.913312606004,2.651554759942188e-4
2022,COM,Comoros,27320.6587023803,2.0902675888536944e-4
2022,WSM,Samoa,26222.32181516645,2.0062352812144375e-4
2022,CPV,Cabo Verde,23771.840996601564,1.8187522235051595e-4
2022,GRL,Greenland,21327.354392659745,1.6317277752563532e-4
2022,SOM,Somalia,20268.34970651507,1.550704722481292e-4
2022,BUN,BUN,17161.889589,1.313033553186144e-4
2022,PSE,Palestine,16336.607822453592,1.2498923329441305e-4
2022,VCT,St. Vincent and the Grenadines,14110.381336224129,1.0795666786359615e-4
2022,DMA,Dominica,13528.048268364088,1.0350131431255044e-4
2022,UMI,UMI,12516.557130507736,9.576252893074092e-5
2022,LCA,St. Lucia,12412.500167154325,9.496640281876975e-5
2022,KIR,Kiribati,11712.673507342935,8.96121212812897e-5
2022,SHN,SHN,11540.705532945678,8.829641697445286e-5
2022,TCA,Turks and Caicos Islands,11361.834674276075,8.692789960984434e-5
2022,COK,Cook Islands,10218.903758432736,7.818348581034083e-5
2022,FLK,Falkland Islands,9376.030389729833,7.173477275660282e-5
2022,ATA,ATA,8402.942489613002,6.428980548521453e-5
2022,CXR,CXR,7970.292848310747,6.0979660102575967e-5
2022,AIA,AIA,7619.618185433375,5.829669447561287e-5
2022,NRU,Nauru,7607.914247512967,5.8207149189155875e-5
2022,VAT,VAT,6755.835883533263,5.1688009929767956e-5
2022,GUM,Guam,6738.564565700425,5.155586935337831e-5
2022,BDI,Burundi,6436.873224082009,4.924766866139493e-5
2022,STP,Sao Tome and Principe,6246.0887286523775,4.7788001632145655e-5
2022,ASM,American Samoa,6133.429323992518,4.69260593755355e-5
2022,TMP,TMP,5615.643690860205,4.296454974027818e-5
2022,ERI,Eritrea,5348.347998138828,4.0919505624679996e-5
2022,VUT,Vanuatu,4629.667886580886,3.542097881276077e-5
2022,PLW,Palau,4587.983203357584,3.51020547954357e-5
2022,TON,Tonga,4390.326346632104,3.358980823568503e-5
2022,NIU,NIU,4224.611051219431,3.232194235165989e-5
2022,GRD,Grenada,3963.373018774869,3.03232445964436e-5
2022,FSM,Micronesia,3716.951862374928,2.843790880698928e-5
2022,MSR,MSR,3683.6686330887865,2.81832632064308e-5
2022,BLM,BLM,3494.741032986577,2.673780303859395e-5
2022,SSD,South Sudan,3391.392776854004,2.5947099152162223e-5
2022,CCK,CCK,2873.2159664708556,2.1982596671315692e-5
2022,SGS,SGS,2699.666525664121,2.065479277341628e-5
2022,BES,BES,2585.970123123061,1.978491658269276e-5
2022,PCN,PCN,2076.2563807871456,1.5885163920048275e-5
2022,MNP,Northern Mariana Islands,1908.1140913957274,1.4598729424968114e-5
2022,ATF,ATF,1636.4285503992949,1.2520099158796871e-5
2022,HMD,HMD,1501.998168861114,1.1491590027492458e-5
2022,TUV,Tuvalu,1277.7802911810363,9.776128597144897e-6
2022,GNB,Guinea-Bissau,1070.5736011333918,8.190817521308685e-6
2022,IOT,IOT,948.7487870398977,7.258751925117289e-6
2022,WLF,WLF,873.6179862826527,6.6839360707183935e-6
2022,NFK,NFK,762.7895294983488,5.836002154986267e-6
2022,BVT,BVT,476.391780918304,3.644810727653002e-6
2022,SPM,SPM,440.0297581493225,3.366609683940465e-6
2022,ESH,ESH,313.15837657388204,2.395933465079285e-6
2023,CHN,China,2044242782.014135,16.118574496145204
2023,DEU,Germany,1199224892.970708,9.455724117042012
2023,USA,United States,1128466786.652076,8.89780613492283
2023,JPN,Japan,571680589.946469,4.507623193353501
2023,MEX,Mexico,506631418.644397,3.994719382333608
2023,ITA,Italy,452538812.50272,3.568206587739706
2023,KOR,South Korea,452478021.469153,3.5677272587618223
2023,FRA,France,442646562.826508,3.490207553210455
2023,VNM,Vietnam,353772820.225444,2.789450258886019
2023,NLD,Netherlands,345563374.705353,2.7247199047657236
2023,CAN,Canada,342643561.971701,2.7016975810592445
2023,CHE,Switzerland,324084511.89024997,2.5553620117484317
2023,GBR,United Kingdom,269910251.427432,2.128205384010138
2023,BEL,Belgium,264313941.592817,2.084079247053022
2023,ESP,Spain,261629175.121091,2.0629102309459277
2023,IND,India,221955099.164247,1.7500855730811498
2023,POL,Poland,220941163.972944,1.7420908328971203
2023,IRL,Ireland,217951426.39655602,1.718517161377804
2023,THA,Thailand,203020304.951935,1.6007873127347818
2023,MYS,Malaysia,184667573.22432,1.456078535400679
2023,CZE,Czechia,166424647.588826,1.312235564071399
2023,AUT,Austria,154668482.947617,1.2195398151977872
2023,SWE,Sweden,142839010.377768,1.1262660433421023
2023,SGP,Singapore,139815793.420212,1.1024283914853283
2023,TUR,Turkey,131095824.058075,1.0336726267570187
2023,IDN,Indonesia,114518774.70031,0.9029648618328603
2023,HUN,Hungary,113935241.25839,0.8983637805242535
2023,BRA,Brazil,92718756.696002,0.7310747041121932
2023,SVK,Slovakia,87611734.80948,0.6908065356462914
2023,ZAF,South Africa,83628370.821745,0.6593982558927934
2023,ARE,United Arab Emirates,79858971.564688,0.6296770587506786
2023,DNK,Denmark,77247068.693534,0.6090825621596664
2023,RUS,Russia,72376161.868078,0.5706761286280586
2023,ROM,ROM,71996936.154846,0.5676859857921078
2023,PRT,Portugal,63606032.862596,0.5015248619784166
2023,PHL,Philippines,63179931.289093,0.49816510940114905
2023,FIN,Finland,62034724.329643,0.48913530929530663
2023,AUS,Australia,61544383.244594,0.48526903696335993
2023,ISR,Israel,54257376.823784,0.4278119888665639
2023,BGD,Bangladesh,50034603.037274,0.394515995622959
2023,HKG,Hong Kong,48916572.204221,0.3857004755535687
2023,CHL,Chile,43680070.369467996,0.3444113754206062
2023,SVN,Slovenia,42420861.907603,0.33448268907409034
2023,SAU,Saudi Arabia,36588222.884722,0.28849312881902034
2023,NOR,Norway,32573402.538437,0.2568368199844727
2023,MAR,Morocco,30776196.591566,0.2426660971161187
2023,KAZ,Kazakhstan,30002773.411004,0.23656776121266432
2023,KHM,Cambodia,27068602.928989,0.21343222862580058
2023,BGR,Bulgaria,24912779.80968,0.1964338584445165
2023,PAK,Pakistan,20306620.378418,0.16011492187438606
2023,EGY,Egypt,17837932.452542,0.14064965552194195
2023,ARG,Argentina,16621949.393463999,0.13106179555919914
2023,CRI,Costa Rica,16503548.781604,0.13012822294275372
2023,PER,Peru,16229378.184255,0.12796642531435837
2023,TUN,Tunisia,15970329.948328,0.12592386543564849
2023,LTU,Lithuania,15747642.282829,0.12416800367730013
2023,LUX,Luxembourg,14502942.091332,0.11435371305657292
2023,UZB,Uzbekistan,14331410.032941,0.11300120625748897
2023,MMR,MMR,14321122.173697,0.11292008789567339
2023,GRC,Greece,14055138.092186,0.11082283982399392
2023,SER,SER,13916583.238092,0.10973035376648356
2023,NZL,New Zealand,12671716.782565,0.09991475217663998
2023,OMN,Oman,12239655.504701,0.09650800814632039
2023,COL,Colombia,10965639.929597,0.0864625697388871
2023,EST,Estonia,10774146.066088,0.08495266683905474
2023,HRV,Croatia,10501669.540421,0.08280422673396745
2023,UKR,Ukraine,9769721.747747,0.07703291858637028
2023,QAT,Qatar,9234289.649088,0.07281110978469793
2023,DOM,Dominican Republic,8779005.396904,0.06922125578089944
2023,LKA,Sri Lanka,8609915.796465,0.06788800742841458
2023,JOR,Jordan,7758386.877222,0.06117381846749427
2023,LVA,Latvia,7726713.600816,0.060924079018844196
2023,ZMB,Zambia,7224946.227914,0.056967711971341504
2023,BHR,Bahrain,7177207.7441650005,0.05659130056198673
2023,MKD,North Macedonia,6904755.234945999,0.054443049823304265
2023,IRN,Iran,5565581.107714,0.04388384515201197
2023,HND,Honduras,5540131.466387,0.04368317821399531
2023,GHA,Ghana,5394224.374849,0.042532720770699875
2023,NIC,Nicaragua,5107751.702422,0.04027392296436746
2023,TTO,Trinidad and Tobago,4983504.903639,0.03929425396432914
2023,BIH,Bosnia and Herzegovina,4747099.604086,0.037430230539296346
2023,LAO,Laos,4393881.704574,0.034645155754271746
2023,URY,Uruguay,4378751.445904,0.03452585573586686
2023,CIV,Côte d'Ivoire,3895952.625838,0.030719053130837035
2023,SPE,SPE,3777668.920331,0.02978640230498151
2023,KWT,Kuwait,3657211.846642,0.02883661476852716
2023,ISL,Iceland,3555646.4415619997,0.028035785452940595
2023,BLR,Belarus,3512098.480238,0.02769241573925886
2023,MLT,Malta,3404857.689709,0.026846836786320563
2023,BWA,Botswana,3361902.5645919996,0.026508141504976615
2023,DZA,Algeria,3331803.888052,0.026270817560720174
2023,BFA,Burkina Faso,3160663.963471,0.02492140268304815
2023,PNG,Papua New Guinea,3129720.640402,0.024677418816535707
2023,SLV,El Salvador,2895431.338878,0.02283007974629884
2023,GTM,Guatemala,2842411.247558,0.022412023584255394
2023,ECU,Ecuador,2469306.002987,0.019470139805854676
2023,TZA,Tanzania,2412198.361501,0.019019853870304346
2023,NGA,Nigeria,2410075.913004,0.01900311865445126
2023,NAM,Namibia,2321603.074815,0.018305522436535427
2023,ALB,Albania,2293097.97777,0.018080763648449117
2023,BOL,Bolivia,2229962.086323,0.01758294578717418
2023,MDG,Madagascar,2194211.160674,0.01730105463243972
2023,AGO,Angola,2004345.6376140001,0.015803990974141317
2023,BRN,Brunei,1987804.808138,0.015673568798026668
2023,CYM,Cayman Islands,1956117.025703,0.015423714971323681
2023,VEN,Venezuela,1746568.12375,0.013771450564946776
2023,COG,Congo,1712669.959236,0.013504168178134018
2023,BHS,Bahamas,1691780.276097,0.013339455886208943
2023,NCL,New Caledonia,1647462.1454810002,0.012990013493089635
2023,SEN,Senegal,1594973.293875,0.012576146083468732
2023,KEN,Kenya,1578771.602061,0.012448397961393794
2023,MOZ,Mozambique,1542622.19803,0.01216336485916568
2023,MLI,Mali,1509505.20798,0.011902241926065194
2023,GIN,Guinea,1466036.394957,0.011559496285902094
2023,MNG,Mongolia,1415557.409337,0.011161476394446665
2023,PRY,Paraguay,1394076.482061,0.010992102223437808
2023,SUR,Suriname,1355035.281961,0.01068426770506874
2023,KGZ,Kyrgyzstan,1348215.8679550001,0.010630497559153164
2023,MRT,Mauritania,1344399.2366920002,0.010600403944109861
2023,MDA,Moldova,1339157.343241,0.010559072331820858
2023,LBR,Liberia,1318577.7955170001,0.01039680541518807
2023,SWZ,Eswatini,1302182.415143,0.010267530085331907
2023,PAN,Panama,1241684.674613,0.009790513682896334
2023,LBN,Lebanon,1227999.975813,0.009682611706181133
2023,UGA,Uganda,1113615.7695219999,0.008780707897834372
2023,LSO,Lesotho,986584.079888,0.007779080414664584
2023,HTI,Haiti,968876.4083359999,0.0076394578485117675
2023,MUS,Mauritius,956106.6423460001,0.007538769991756634
2023,GEO,Georgia,945133.2484490001,0.00745224628304623
2023,LBY,Libya,937207.868811,0.007389755749519936
2023,AZE,Azerbaijan,926215.44903,0.007303082024318679
2023,CMR,Cameroon,878656.3251680001,0.006928084843120001
2023,CUB,Cuba,833894.7357109999,0.006575145837745279
2023,ARM,Armenia,815531.698221,0.006430355800885546
2023,NPL,Nepal,805158.317992,0.006348563117810379
2023,TJK,Tajikistan,800232.689645,0.006309725212572325
2023,ZWE,Zimbabwe,791577.92789,0.006241483600899905
2023,MHL,Marshall Islands,762781.873167,0.006014430651352281
2023,GAB,Gabon,705445.312547,0.005562339719767509
2023,CYP,Cyprus,698588.353862,0.005508273539197575
2023,TKM,Turkmenistan,641468.152392,0.005057888569892763
2023,ETH,Ethiopia,605388.688821,0.004773406938617473
2023,IRQ,Iraq,478729.04382,0.0037747129764490353
2023,GNQ,Equatorial Guinea,433828.738202,0.0034206802131339312
2023,GUY,Guyana,384187.2723,0.003029264050005365
2023,MAC,Macao,354288.431012,0.0027935157793551337
2023,BTN,Bhutan,346847.888085,0.0027348481169249153
2023,SLB,Solomon Islands,343511.945493,0.0027085446662501195
2023,NER,Niger,335882.139521,0.0026483846906186314
2023,YEM,Yemen,311725.81462,0.002457915375576597
2023,PRK,PRK,288965.63050800003,0.0022784544395356276
2023,SUD,SUD,285101.81362,0.0022479887722985244
2023,TGO,Togo,226410.12152400002,0.001785212814531855
2023,MNT,MNT,217662.244037,0.001716236998059393
2023,DJI,Djibouti,202460.138229,0.0015963704748066599
2023,SLE,Sierra Leone,190626.296395,0.0015030622519012606
2023,PYF,French Polynesia,178664.37382,0.001408744129886277
2023,BMU,Bermuda,172875.166069,0.0013630970192646046
2023,SMR,San Marino,159895.059849,0.001260750658589769
2023,SYR,Syria,156803.081759,0.0012363708346165082
2023,TKL,TKL,154426.114236,0.001217628771084972
2023,AND,Andorra,148357.39689,0.001169777765569291
2023,JAM,Jamaica,142234.676847,0.0011215009561802902
2023,BEN,Benin,142039.25234,0.0011199600606946042
2023,FJI,Fiji,135531.862913,0.0010686501858708406
2023,SXM,Sint Maarten,95727.554523,7.547986630983776e-4
2023,VGB,VGB,81743.584885,6.445369767932638e-4
2023,CAF,Central African Republic,78536.682628,6.192509914953818e-4
2023,MDV,Maldives,78503.463851,6.189890659861144e-4
2023,ATG,ATG,72852.795449,5.744343191664087e-4
2023,FRO,Faroe Islands,72401.846115,5.708786453990762e-4
2023,GIB,GIB,69658.785754,5.492499899550109e-4
2023,RWA,Rwanda,66049.246366,5.207892659969082e-4
2023,AFG,Afghanistan,58002.464925,4.5734149587286994e-4
2023,FRE,FRE,57608.929317999995,4.542385214834653e-4
2023,CUW,Curaçao,56852.936084,4.482776183226359e-4
2023,BRB,Barbados,51929.150446,4.094542425927936e-4
2023,ABW,Aruba,36154.230842000004,2.850711609721013e-4
2023,WSM,Samoa,35725.527058,2.8169089032128596e-4
2023,GRL,Greenland,35627.681926,2.8091939484966037e-4
2023,KNA,St. Kitts and Nevis,32958.075003,2.5986990970905296e-4
2023,BLZ,Belize,32833.528463,2.588878772905507e-4
2023,GMB,Gambia,32647.371266000002,2.574200532755961e-4
2023,MWI,Malawi,30931.294042,2.438890192812245e-4
2023,SYC,Seychelles,30381.431742,2.3955343031735427e-4
2023,VUT,Vanuatu,28213.199881,2.2245721890649145e-4
2023,SOM,Somalia,27299.55372,2.1525324399765706e-4
2023,COM,Comoros,27140.82837,2.1400171634110304e-4
2023,BLM,BLM,23167.070673000002,1.8266918087502844e-4
2023,CPV,Cabo Verde,22955.458067,1.8100064444474503e-4
2023,TCD,Chad,18495.611157,1.4583536207578377e-4
2023,DMA,Dominica,13483.817783,1.0631805739511724e-4
2023,TCA,Turks and Caicos Islands,13356.351932,1.0531300660900967e-4
2023,UMI,UMI,12821.892859,1.0109886998145932e-4
2023,PSE,Palestine,11440.556907,9.020722509347865e-5
2023,LCA,St. Lucia,11199.713746,8.830820973844301e-5
2023,CXR,CXR,10220.552771,8.058765948965826e-5
2023,VAT,VAT,9757.618783,7.693748836613659e-5
2023,SHN,SHN,9561.79176,7.539341909689163e-5
2023,ASM,American Samoa,9542.996308,7.524521953081454e-5
2023,GUM,Guam,9384.827148,7.399807735627264e-5
2023,VCT,St. Vincent and the Grenadines,9126.893455,7.196430549597038e-5
2023,STP,Sao Tome and Principe,8744.694763,6.895072112941021e-5
2023,FLK,Falkland Islands,7781.777646,6.135825147730479e-5
2023,ERI,Eritrea,7595.407005,5.9888744485628866e-5
2023,ATA,ATA,7243.7250859999995,5.7115780696678275e-5
2023,COK,Cook Islands,7067.338724,5.57249983781516e-5
2023,GRD,Grenada,6815.096488,5.373610287718066e-5
2023,ATF,ATF,6399.09465,5.045598533178337e-5
2023,NIU,NIU,6104.388739,4.813226956636554e-5
2023,NRU,Nauru,6101.694837,4.811102851786859e-5
2023,BDI,Burundi,5385.415634,4.246326505494974e-5
2023,AIA,AIA,5016.463312,3.955412650252039e-5
2023,TON,Tonga,4715.7239,3.718283740765426e-5
2023,PLW,Palau,4371.5950410000005,3.4469428462851846e-5
2023,BUN,BUN,4229.350071,3.3347846346569194e-5
2023,CCK,CCK,3811.935156,3.005658688246553e-5
2023,BES,BES,3469.533958,2.7356800308145513e-5
2023,FSM,Micronesia,3370.036432,2.65722759360291e-5
2023,MSR,MSR,3191.712554,2.5166216569072445e-5
2023,TMP,TMP,2780.147832,2.1921085075930444e-5
2023,SSD,South Sudan,2688.273158,2.119666584832824e-5
2023,MNP,Northern Mariana Islands,1972.100841,1.5549745166887575e-5
2023,TUV,Tuvalu,1876.291538,1.4794301928238747e-5
2023,WLF,WLF,1679.199073,1.3240254822052402e-5
2023,KIR,Kiribati,1536.5812329999999,1.2115732676862594e-5
2023,GNB,Guinea-Bissau,1353.160225,1.0669483137611145e-5
2023,NFK,NFK,1110.225211,8.753973808027999e-6
2023,PCN,PCN,1006.5410380000001,7.936438297434155e-6
2023,IOT,IOT,865.452235,6.823972399676747e-6
2023,SPM,SPM,599.463347,4.726686429489485e-6
2023,HMD,HMD,597.502365,4.711224354861804e-6
2023,BVT,BVT,362.681836,2.859696628697352e-6
2023,SGS,SGS,361.661302,2.851649857810069e-6
2023,ESH,ESH,302.61544299999997,2.3860813424878975e-6
