year,reporter_region,partner_region,total_value_kusd,region_total,import_share_pct
2019,East Asia & Pacific,East Asia & Pacific,1241220996.7557578,2146476219.3828053,57.82598407322009
2019,East Asia & Pacific,Europe & Central Asia,495615848.32863176,2146476219.3828053,23.08974326634471
2019,East Asia & Pacific,Latin America & Caribbean,52355930.80642326,2146476219.3828053,2.4391572724471
2019,East Asia & Pacific,"Middle East, North Africa, Afghanistan & Pakistan",44168791.72681563,2146476219.3828053,2.0577349671041714
2019,East Asia & Pacific,North America,252970897.7077578,2146476219.3828053,11.785404162571933
2019,East Asia & Pacific,South Asia,29654541.56818866,2146476219.3828053,1.3815453113529246
2019,East Asia & Pacific,Sub-Saharan Africa,30489212.489230327,2146476219.3828053,1.4204309469590652
2019,Europe & Central Asia,East Asia & Pacific,956230536.8047955,4772887265.5384,20.03463487832724
2019,Europe & Central Asia,Europe & Central Asia,3148826460.379605,4772887265.5384,65.97319997719254
2019,Europe & Central Asia,Latin America & Caribbean,66476951.31980056,4772887265.5384,1.3928037186166748
2019,Europe & Central Asia,"Middle East, North Africa, Afghanistan & Pakistan",99535288.36170137,4772887265.5384,2.0854313714965445
2019,Europe & Central Asia,North America,371598201.611899,4772887265.5384,7.785606089943576
2019,Europe & Central Asia,South Asia,86218051.16750266,4772887265.5384,1.8064128979123695
2019,Europe & Central Asia,Sub-Saharan Africa,44001775.89309548,4772887265.5384,0.9219110665110568
2019,Latin America & Caribbean,East Asia & Pacific,216495190.53522,563511818.03912,38.4189263835795
2019,Latin America & Caribbean,Europe & Central Asia,102394025.93183,563511818.03912,18.170697162685173
2019,Latin America & Caribbean,Latin America & Caribbean,37901777.2691,563511818.03912,6.725995099976553
2019,Latin America & Caribbean,"Middle East, North Africa, Afghanistan & Pakistan",7006975.3479700005,563511818.03912,1.2434478077766886
2019,Latin America & Caribbean,North America,187503529.34722,563511818.03912,33.27410771963672
2019,Latin America & Caribbean,South Asia,10591880.10884,563511818.03912,1.8796198712738788
2019,Latin America & Caribbean,Sub-Saharan Africa,1618439.4989399998,563511818.03912,0.28720595507149504
2019,"Middle East, North Africa, Afghanistan & Pakistan",East Asia & Pacific,70583619.6689537,207171150.43110535,34.07019728474513
2019,"Middle East, North Africa, Afghanistan & Pakistan",Europe & Central Asia,81686859.97346151,207171150.43110535,39.42965022083344
2019,"Middle East, North Africa, Afghanistan & Pakistan",Latin America & Caribbean,2492914.755486286,207171150.43110535,1.203311730566126
2019,"Middle East, North Africa, Afghanistan & Pakistan","Middle East, North Africa, Afghanistan & Pakistan",19216659.98132861,207171150.43110535,9.275741309222058
2019,"Middle East, North Africa, Afghanistan & Pakistan",North America,24538257.73330521,207171150.43110535,11.844437645996175
2019,"Middle East, North Africa, Afghanistan & Pakistan",South Asia,7644664.676902303,207171150.43110535,3.690023761027736
2019,"Middle East, North Africa, Afghanistan & Pakistan",Sub-Saharan Africa,1008173.6416677245,207171150.43110535,0.4866380476093326
2019,North America,East Asia & Pacific,981504364.342133,2494061739.497232,39.35365146734461
2019,North America,Europe & Central Asia,599332423.9398,2494061739.497232,24.03037641163675
2019,North America,Latin America & Caribbean,408085225.863559,2494061739.497232,16.362274413696884
2019,North America,"Middle East, North Africa, Afghanistan & Pakistan",40727666.944932,2494061739.497232,1.6329855151517672
2019,North America,North America,387747658.274217,2494061739.497232,15.546834792966333
2019,North America,South Asia,65641643.699907,2494061739.497232,2.6319173523402606
2019,North America,Sub-Saharan Africa,11022756.432684,2494061739.497232,0.4419600468633962
2019,South Asia,East Asia & Pacific,152092872.24639037,296311112.536662,51.32877769731712
2019,South Asia,Europe & Central Asia,69263607.26445068,296311112.536662,23.375298574359352
2019,South Asia,Latin America & Caribbean,6806806.0805937555,296311112.536662,2.297182182039009
2019,South Asia,"Middle East, North Africa, Afghanistan & Pakistan",28782410.515816815,296311112.536662,9.713577823462705
2019,South Asia,North America,27187009.53035885,296311112.536662,9.175156914506557
2019,South Asia,South Asia,2163529.0846483484,296311112.536662,0.7301545548281316
2019,South Asia,Sub-Saharan Africa,10014877.814403156,296311112.536662,3.3798522534871296
2019,Sub-Saharan Africa,East Asia & Pacific,63566322.40841711,161952435.07141873,39.2499948397721
2019,Sub-Saharan Africa,Europe & Central Asia,51741664.696660034,161952435.07141873,31.94867966872044
2019,Sub-Saharan Africa,Latin America & Caribbean,2623986.414988631,161952435.07141873,1.6202204146121606
2019,Sub-Saharan Africa,"Middle East, North Africa, Afghanistan & Pakistan",7674151.178630349,161952435.07141873,4.738521637693287
2019,Sub-Saharan Africa,North America,13115434.361392468,161952435.07141873,8.098324891261282
2019,Sub-Saharan Africa,South Asia,13468777.906162314,161952435.07141873,8.316502249702374
2019,Sub-Saharan Africa,Sub-Saharan Africa,9762098.105167832,161952435.07141873,6.0277562982383595
2020,East Asia & Pacific,East Asia & Pacific,1227893983.4666753,2091132738.7608244,58.71908371509251
2020,East Asia & Pacific,Europe & Central Asia,480271052.55866987,2091132738.7608244,22.96702852269778
2020,East Asia & Pacific,Latin America & Caribbean,53800645.45208925,2091132738.7608244,2.5727991559240158
2020,East Asia & Pacific,"Middle East, North Africa, Afghanistan & Pakistan",41608219.45493344,2091132738.7608244,1.989745494568168
2020,East Asia & Pacific,North America,233073325.62848622,2091132738.7608244,11.145792962268008
2020,East Asia & Pacific,South Asia,28663143.794231564,2091132738.7608244,1.3706993947795458
2020,East Asia & Pacific,Sub-Saharan Africa,25822368.405738734,2091132738.7608244,1.2348507546699643
2020,Europe & Central Asia,East Asia & Pacific,976452794.0978833,4622326072.033968,21.12470602205295
2020,Europe & Central Asia,Europe & Central Asia,3036795028.9118896,4622326072.033968,65.69841637276802
2020,Europe & Central Asia,Latin America & Caribbean,60033018.51919111,4622326072.033968,1.2987620860934785
2020,Europe & Central Asia,"Middle East, North Africa, Afghanistan & Pakistan",100895960.0005608,4622326072.033968,2.1827962464829627
2020,Europe & Central Asia,North America,332026888.16133654,4622326072.033968,7.183112636085284
2020,Europe & Central Asia,South Asia,75922287.49813816,4622326072.033968,1.6425125859788159
2020,Europe & Central Asia,Sub-Saharan Africa,40200094.84496867,4622326072.033968,0.869694050538485
2020,Latin America & Caribbean,East Asia & Pacific,195067801.2825,488273150.13036,39.9505484236478
2020,Latin America & Caribbean,Europe & Central Asia,86052325.91117,488273150.13036,17.623808699740216
2020,Latin America & Caribbean,Latin America & Caribbean,31383559.01885,488273150.13036,6.427459509184801
2020,Latin America & Caribbean,"Middle East, North Africa, Afghanistan & Pakistan",7272368.37252,488273150.13036,1.4894057497485598
2020,Latin America & Caribbean,North America,157698337.46309,488273150.13036,32.29715527486765
2020,Latin America & Caribbean,South Asia,9374099.522739999,488273150.13036,1.9198474297096382
2020,Latin America & Caribbean,Sub-Saharan Africa,1424658.55949,488273150.13036,0.29177491310133313
2020,"Middle East, North Africa, Afghanistan & Pakistan",East Asia & Pacific,66513923.102790795,184075316.22799474,36.134080584931326
2020,"Middle East, North Africa, Afghanistan & Pakistan",Europe & Central Asia,71908294.55190061,184075316.22799474,39.064604654996415
2020,"Middle East, North Africa, Afghanistan & Pakistan",Latin America & Caribbean,2304663.249247296,184075316.22799474,1.252021887819414
2020,"Middle East, North Africa, Afghanistan & Pakistan","Middle East, North Africa, Afghanistan & Pakistan",16627939.320537498,184075316.22799474,9.033225997527131
2020,"Middle East, North Africa, Afghanistan & Pakistan",North America,18728832.95972227,184075316.22799474,10.174548844194206
2020,"Middle East, North Africa, Afghanistan & Pakistan",South Asia,7019328.8559764745,184075316.22799474,3.813291754600258
2020,"Middle East, North Africa, Afghanistan & Pakistan",Sub-Saharan Africa,972334.1878197853,184075316.22799474,0.5282262759312374
2020,North America,East Asia & Pacific,974156540.804259,2367321987.117327,41.15014966723995
2020,North America,Europe & Central Asia,581921068.555798,2367321987.117327,24.581407671729504
2020,North America,Latin America & Caribbean,363117435.86106,2367321987.117327,15.3387430116013
2020,North America,"Middle East, North Africa, Afghanistan & Pakistan",33040937.109697,2367321987.117327,1.3957094678924828
2020,North America,North America,340279499.397964,2367321987.117327,14.37402690676312
2020,North America,South Asia,59518673.549897,2367321987.117327,2.5141773647095853
2020,North America,Sub-Saharan Africa,15287831.838652,2367321987.117327,0.6457859100640507
2020,South Asia,East Asia & Pacific,123890617.38321303,234041192.91453263,52.93538963820592
2020,South Asia,Europe & Central Asia,52075342.54444988,234041192.91453263,22.25050295460885
2020,South Asia,Latin America & Caribbean,5795072.367720138,234041192.91453263,2.476090766567058
2020,South Asia,"Middle East, North Africa, Afghanistan & Pakistan",22730346.357959997,234041192.91453263,9.712113527920994
2020,South Asia,North America,19726889.27731443,234041192.91453263,8.428810771152714
2020,South Asia,South Asia,1572733.4259633876,234041192.91453263,0.671990005852397
2020,South Asia,Sub-Saharan Africa,8250191.557911786,234041192.91453263,3.5251023356920754
2020,Sub-Saharan Africa,East Asia & Pacific,59016277.394680545,138718411.80421782,42.543939645138096
2020,Sub-Saharan Africa,Europe & Central Asia,42434031.109657854,138718411.80421782,30.590049696898003
2020,Sub-Saharan Africa,Latin America & Caribbean,2231551.713319229,138718411.80421782,1.6086917982226907
2020,Sub-Saharan Africa,"Middle East, North Africa, Afghanistan & Pakistan",6634410.052734486,138718411.80421782,4.782645624647184
2020,Sub-Saharan Africa,North America,10588530.245051572,138718411.80421782,7.633110924017673
2020,Sub-Saharan Africa,South Asia,10867549.567092014,138718411.80421782,7.834251723145506
2020,Sub-Saharan Africa,Sub-Saharan Africa,6946061.721682102,138718411.80421782,5.0073105879308395
2021,East Asia & Pacific,East Asia & Pacific,1498829672.820298,2555273059.0793347,58.65634075758332
2021,East Asia & Pacific,Europe & Central Asia,590848782.0385311,2555273059.0793347,23.122725766592396
2021,East Asia & Pacific,Latin America & Caribbean,61462830.62117727,2555273059.0793347,2.405333175755484
2021,East Asia & Pacific,"Middle East, North Africa, Afghanistan & Pakistan",55427248.86899506,2555273059.0793347,2.169132127466859
2021,East Asia & Pacific,North America,265761726.38914058,2555273059.0793347,10.400521597675928
2021,East Asia & Pacific,South Asia,41093628.81966581,2555273059.0793347,1.6081893351339855
2021,East Asia & Pacific,Sub-Saharan Africa,41849169.52152689,2555273059.0793347,1.6377572397920224
2021,Europe & Central Asia,East Asia & Pacific,1165984474.782363,5530534609.833058,21.082672056862126
2021,Europe & Central Asia,Europe & Central Asia,3655882344.0591645,5530534609.833058,66.10359760807137
2021,Europe & Central Asia,Latin America & Caribbean,74460002.4145737,5530534609.833058,1.3463436659846038
2021,Europe & Central Asia,"Middle East, North Africa, Afghanistan & Pakistan",111525273.41325529,5530534609.833058,2.0165369404789195
2021,Europe & Central Asia,North America,369644426.513196,5530534609.833058,6.683701533229423
2021,Europe & Central Asia,South Asia,103040803.87758596,5530534609.833058,1.8631255592250293
2021,Europe & Central Asia,Sub-Saharan Africa,49997284.772919804,5530534609.833058,0.9040226361485332
2021,Latin America & Caribbean,East Asia & Pacific,263509882.26118,644689486.14976,40.873922705785716
2021,Latin America & Caribbean,Europe & Central Asia,112115022.62129,644689486.14976,17.39054615127474
2021,Latin America & Caribbean,Latin America & Caribbean,45408835.32758,644689486.14976,7.043520377348239
2021,Latin America & Caribbean,"Middle East, North Africa, Afghanistan & Pakistan",11318740.74797,644689486.14976,1.7556887449131877
2021,Latin America & Caribbean,North America,196780299.62372,644689486.14976,30.52326799975273
2021,Latin America & Caribbean,South Asia,13325891.69786,644689486.14976,2.067024821118988
2021,Latin America & Caribbean,Sub-Saharan Africa,2230813.87016,644689486.14976,0.346029199806399
2021,"Middle East, North Africa, Afghanistan & Pakistan",East Asia & Pacific,75024157.75985384,214877597.99445084,34.914834519786154
2021,"Middle East, North Africa, Afghanistan & Pakistan",Europe & Central Asia,81893355.26351602,214877597.99445084,38.11163007584946
2021,"Middle East, North Africa, Afghanistan & Pakistan",Latin America & Caribbean,2461504.8911393606,214877597.99445084,1.1455381641053752
2021,"Middle East, North Africa, Afghanistan & Pakistan","Middle East, North Africa, Afghanistan & Pakistan",23868329.075311247,214877597.99445084,11.107872248240435
2021,"Middle East, North Africa, Afghanistan & Pakistan",North America,21416645.93488362,214877597.99445084,9.966904942522998
2021,"Middle East, North Africa, Afghanistan & Pakistan",South Asia,8906195.79870088,214877597.99445084,4.144776320019586
2021,"Middle East, North Africa, Afghanistan & Pakistan",Sub-Saharan Africa,1307409.2710458646,214877597.99445084,0.6084437294759913
2021,North America,East Asia & Pacific,1162192980.3388479,2813078799.890849,41.313914860257114
2021,North America,Europe & Central Asia,659577861.519566,2813078799.890849,23.44683204555658
2021,North America,Latin America & Caribbean,435388366.838182,2813078799.890849,15.477290108441883
2021,North America,"Middle East, North Africa, Afghanistan & Pakistan",45902544.417989,2813078799.890849,1.6317546604016238
2021,North America,North America,405016233.8937,2813078799.890849,14.397614240646764
2021,North America,South Asia,84875312.326719,2813078799.890849,3.0171679630877124
2021,North America,Sub-Saharan Africa,20125500.555845,2813078799.890849,0.7154261216083209
2021,South Asia,East Asia & Pacific,178044495.15846735,355641963.9332075,50.062847811712565
2021,South Asia,Europe & Central Asia,84572297.24251683,355641963.9332075,23.7801794555381
2021,South Asia,Latin America & Caribbean,9396854.1427973,355641963.9332075,2.6422231051907326
2021,South Asia,"Middle East, North Africa, Afghanistan & Pakistan",39509099.02052496,355641963.9332075,11.109234293831841
2021,South Asia,North America,25934108.548805244,355641963.9332075,7.292195853939183
2021,South Asia,South Asia,2430040.518513104,355641963.9332075,0.683282842001594
2021,South Asia,Sub-Saharan Africa,15755069.301582696,355641963.9332075,4.430036637785981
2021,Sub-Saharan Africa,East Asia & Pacific,71057236.04704529,166392334.97413066,42.7046330337829
2021,Sub-Saharan Africa,Europe & Central Asia,48448696.67463015,166392334.97413066,29.1171445380357
2021,Sub-Saharan Africa,Latin America & Caribbean,3005918.557885571,166392334.97413066,1.806524656531148
2021,Sub-Saharan Africa,"Middle East, North Africa, Afghanistan & Pakistan",9125261.489437224,166392334.97413066,5.4841838062167625
2021,Sub-Saharan Africa,North America,12378880.602535743,166392334.97413066,7.43957382679936
2021,Sub-Saharan Africa,South Asia,13692016.55607992,166392334.97413066,8.228754382350994
2021,Sub-Saharan Africa,Sub-Saharan Africa,8684325.04651676,166392334.97413066,5.219185756283141
2022,East Asia & Pacific,East Asia & Pacific,1523257454.1699293,2612559936.334699,58.305167777585574
2022,East Asia & Pacific,Europe & Central Asia,586064154.7855542,2612559936.334699,22.432563044190868
2022,East Asia & Pacific,Latin America & Caribbean,76775116.55844842,2612559936.334699,2.9386930225287142
2022,East Asia & Pacific,"Middle East, North Africa, Afghanistan & Pakistan",57579160.609784186,2612559936.334699,2.2039364459735644
2022,East Asia & Pacific,North America,288491317.5444372,2612559936.334699,11.04247652014358
2022,East Asia & Pacific,South Asia,35427280.48739188,2612559936.334699,1.356037042238913
2022,East Asia & Pacific,Sub-Saharan Africa,44965452.17915401,2612559936.334699,1.7211261473387844
2022,Europe & Central Asia,East Asia & Pacific,1232166302.6606047,5618535986.362342,21.930380185361365
2022,Europe & Central Asia,Europe & Central Asia,3576986607.815114,5618535986.362342,63.66403305945529
2022,Europe & Central Asia,Latin America & Caribbean,82978154.60639791,5618535986.362342,1.4768643434483222
2022,Europe & Central Asia,"Middle East, North Africa, Afghanistan & Pakistan",130718493.4404552,5618535986.362342,2.32655791041907
2022,Europe & Central Asia,North America,421860703.9627957,5618535986.362342,7.5083741563062345
2022,Europe & Central Asia,South Asia,121689995.11169904,5618535986.362342,2.1658666137775486
2022,Europe & Central Asia,Sub-Saharan Africa,52135728.765275456,5618535986.362342,0.9279237312321666
2022,Latin America & Caribbean,East Asia & Pacific,311795272.40789,760205027.28468,41.01462910888243
2022,Latin America & Caribbean,Europe & Central Asia,128117790.17256,760205027.28468,16.853057474530843
2022,Latin America & Caribbean,Latin America & Caribbean,56311668.53312,760205027.28468,7.407431746966404
2022,Latin America & Caribbean,"Middle East, North Africa, Afghanistan & Pakistan",14556201.91143,760205027.28468,1.9147731715774385
2022,Latin America & Caribbean,North America,230052008.82328,760205027.28468,30.261837342089898
2022,Latin America & Caribbean,South Asia,16476852.70897,760205027.28468,2.1674222239521947
2022,Latin America & Caribbean,Sub-Saharan Africa,2895232.72743,760205027.28468,0.3808489320007876
2022,"Middle East, North Africa, Afghanistan & Pakistan",East Asia & Pacific,90223533.351731,242372107.44643602,37.22521304216918
2022,"Middle East, North Africa, Afghanistan & Pakistan",Europe & Central Asia,87546254.91841,242372107.44643602,36.12059813349506
2022,"Middle East, North Africa, Afghanistan & Pakistan",Latin America & Caribbean,3418451.008435,242372107.44643602,1.4104143601550663
2022,"Middle East, North Africa, Afghanistan & Pakistan","Middle East, North Africa, Afghanistan & Pakistan",26234498.301593002,242372107.44643602,10.824058336576869
2022,"Middle East, North Africa, Afghanistan & Pakistan",North America,22022707.80399,242372107.44643602,9.08632104412303
2022,"Middle East, North Africa, Afghanistan & Pakistan",South Asia,11150225.345469,242372107.44643602,4.600457314558437
2022,"Middle East, North Africa, Afghanistan & Pakistan",Sub-Saharan Africa,1776436.716808,242372107.44643602,0.7329377689223545
2022,North America,East Asia & Pacific,1299312088.504524,3164115377.8140492,41.06399209127964
2022,North America,Europe & Central Asia,724845754.748849,3164115377.8140492,22.908322491375575
2022,North America,Latin America & Caribbean,507518721.573454,3164115377.8140492,16.03982980936924
2022,North America,"Middle East, North Africa, Afghanistan & Pakistan",54149409.594037,3164115377.8140492,1.71136014741177
2022,North America,North America,454048384.960089,3164115377.8140492,14.349931362925567
2022,North America,South Asia,103090602.790512,3164115377.8140492,3.25811768791228
2022,North America,Sub-Saharan Africa,21150415.642584,3164115377.8140492,0.6684464097259282
2022,South Asia,East Asia & Pacific,208624884.481342,401542831.911098,51.95582336469943
2022,South Asia,Europe & Central Asia,81195952.772975,401542831.911098,20.22099420540817
2022,South Asia,Latin America & Caribbean,10322755.877393,401542831.911098,2.5707732916717756
2022,South Asia,"Middle East, North Africa, Afghanistan & Pakistan",49557460.652042,401542831.911098,12.34176200236942
2022,South Asia,North America,31545402.65349,401542831.911098,7.856049254659385
2022,South Asia,South Asia,3181359.116157,401542831.911098,0.7922838769193509
2022,South Asia,Sub-Saharan Africa,17115016.357699,401542831.911098,4.262314004272471
2022,Sub-Saharan Africa,East Asia & Pacific,84398789.237524,187324175.07996202,45.0549370904728
2022,Sub-Saharan Africa,Europe & Central Asia,49194896.583112,187324175.07996202,26.261904830015908
2022,Sub-Saharan Africa,Latin America & Caribbean,3784014.922419,187324175.07996202,2.0200355457611057
2022,Sub-Saharan Africa,"Middle East, North Africa, Afghanistan & Pakistan",11073267.896698,187324175.07996202,5.911286085723434
2022,Sub-Saharan Africa,North America,14139722.974418,187324175.07996202,7.548263841750407
2022,Sub-Saharan Africa,South Asia,14909413.077082,187324175.07996202,7.959150531808136
2022,Sub-Saharan Africa,Sub-Saharan Africa,9824070.388709,187324175.07996202,5.244422074468207
2023,East Asia & Pacific,East Asia & Pacific,1366691493.202909,2397825413.797444,56.997122698707045
2023,East Asia & Pacific,Europe & Central Asia,574116589.533292,2397825413.797444,23.943218977901388
2023,East Asia & Pacific,Latin America & Caribbean,73681309.34510499,2397825413.797444,3.07283878639086
2023,East Asia & Pacific,"Middle East, North Africa, Afghanistan & Pakistan",48305972.203032,2397825413.797444,2.014574202319829
2023,East Asia & Pacific,North America,265382662.523267,2397825413.797444,11.067639078150382
2023,East Asia & Pacific,South Asia,31857974.71328,2397825413.797444,1.3286194453509617
2023,East Asia & Pacific,Sub-Saharan Africa,37789412.276559,2397825413.797444,1.5759868111795423
2023,Europe & Central Asia,East Asia & Pacific,1133181441.802503,5587619332.000061,20.280219078504878
2023,Europe & Central Asia,Europe & Central Asia,3651563646.55469,5587619332.000061,65.35097381531233
2023,Europe & Central Asia,Latin America & Caribbean,80366672.734105,5587619332.000061,1.4382989956715277
2023,Europe & Central Asia,"Middle East, North Africa, Afghanistan & Pakistan",131148550.839825,5587619332.000061,2.3471275161631495
2023,Europe & Central Asia,North America,430743867.464974,5587619332.000061,7.708897866361833
2023,Europe & Central Asia,South Asia,110149823.53761,5587619332.000061,1.9713193936957478
2023,Europe & Central Asia,Sub-Saharan Africa,50465329.066354,5587619332.000061,0.9031633342905302
2023,Latin America & Caribbean,East Asia & Pacific,289042910.43182,743444137.18091,38.8789010466679
2023,Latin America & Caribbean,Europe & Central Asia,133769300.23449,743444137.18091,17.99318785964661
2023,Latin America & Caribbean,Latin America & Caribbean,55433358.82707,743444137.18091,7.456291072153659
2023,Latin America & Caribbean,"Middle East, North Africa, Afghanistan & Pakistan",11026625.8437,743444137.18091,1.4831814916870851
2023,Latin America & Caribbean,North America,235722009.34859002,743444137.18091,31.706754759332956
2023,Latin America & Caribbean,South Asia,16199948.21752,743444137.18091,2.1790404157263397
2023,Latin America & Caribbean,Sub-Saharan Africa,2249984.27772,743444137.18091,0.30264335478544346
2023,"Middle East, North Africa, Afghanistan & Pakistan",East Asia & Pacific,95807957.585314,256175942.931531,37.39927976411154
2023,"Middle East, North Africa, Afghanistan & Pakistan",Europe & Central Asia,94959347.217385,256175942.931531,37.06801900706386
2023,"Middle East, North Africa, Afghanistan & Pakistan",Latin America & Caribbean,3330028.092751,256175942.931531,1.2998988330613963
2023,"Middle East, North Africa, Afghanistan & Pakistan","Middle East, North Africa, Afghanistan & Pakistan",23646831.983239,256175942.931531,9.23069969515411
2023,"Middle East, North Africa, Afghanistan & Pakistan",North America,24272856.380833,256175942.931531,9.475072523621192
2023,"Middle East, North Africa, Afghanistan & Pakistan",South Asia,12512027.682398,256175942.931531,4.884154046323597
2023,"Middle East, North Africa, Afghanistan & Pakistan",Sub-Saharan Africa,1646893.989611,256175942.931531,0.6428761306642954
2023,North America,East Asia & Pacific,1129971779.200437,3027833762.3848853,37.319478804886906
2023,North America,Europe & Central Asia,739770495.835602,3027833762.3848853,24.432335256507574
2023,North America,Latin America & Caribbean,528037450.391211,3027833762.3848853,17.439446542643086
2023,North America,"Middle East, North Africa, Afghanistan & Pakistan",47767051.519193,3027833762.3848853,1.5775982193146922
2023,North America,North America,467873900.002394,3027833762.3848853,15.452430242863507
2023,North America,South Asia,94426379.211752,3027833762.3848853,3.118611741001814
2023,North America,Sub-Saharan Africa,19986706.224296,3027833762.3848853,0.6600991927824132
2023,South Asia,East Asia & Pacific,206247794.989841,392096805.74678004,52.60124335800834
2023,South Asia,Europe & Central Asia,83521451.942287,392096805.74678004,21.30123242988773
2023,South Asia,Latin America & Caribbean,10545358.905038,392096805.74678004,2.6894784018843283
2023,South Asia,"Middle East, North Africa, Afghanistan & Pakistan",39568760.229263,392096805.74678004,10.091579336868378
2023,South Asia,North America,31333373.480259,392096805.74678004,7.991234057768478
2023,South Asia,South Asia,3055201.431023,392096805.74678004,0.7791956951049682
2023,South Asia,Sub-Saharan Africa,17824864.769069,392096805.74678004,4.546036720477767
2023,Sub-Saharan Africa,East Asia & Pacific,85885299.020917,187235160.647871,45.87028351071281
2023,Sub-Saharan Africa,Europe & Central Asia,49284350.934438,187235160.647871,26.32216660797273
2023,Sub-Saharan Africa,Latin America & Caribbean,3454954.53913,187235160.647871,1.84524879150645
2023,Sub-Saharan Africa,"Middle East, North Africa, Afghanistan & Pakistan",9885221.277973,187235160.647871,5.279575291183645
2023,Sub-Saharan Africa,North America,15955154.052876,187235160.647871,8.521451845725975
2023,Sub-Saharan Africa,South Asia,13628772.874331,187235160.647871,7.278960226900081
2023,Sub-Saharan Africa,Sub-Saharan Africa,9141407.948206,187235160.647871,4.882313725998315
