reporter_region,sector_name,total_imports,intra_regional_share_pct,avg_hhi
East Asia & Pacific,Chemicals,340743502.731569,39.23892346646076,0.10977387539451543
East Asia & Pacific,Footwear & headwear,21547081.573852,77.20063885166437,0.27749167505677086
East Asia & Pacific,Hides & leather,23710451.044954,37.55098246133037,0.2072921402793783
East Asia & Pacific,Machinery & electronics,923096860.433422,71.27010061668803,0.21282781337119902
East Asia & Pacific,Metals,235877949.652443,59.44635688850144,0.15369878257209282
East Asia & Pacific,Miscellaneous manufactures,177119148.809118,52.361689586767966,0.17945693234607346
East Asia & Pacific,Plastics & rubber,136582672.106301,61.04554628308924,0.14198581764284654
East Asia & Pacific,Stone & glass,162544407.15118,34.986396691267615,0.1289940698321038
East Asia & Pacific,Textiles & clothing,95319900.349329,70.39145821389157,0.23595893586001926
East Asia & Pacific,Transport equipment,199742991.518281,36.15945212526853,0.13979017766407129
East Asia & Pacific,Wood pulp & paper,81540448.426995,45.406694732005505,0.09954320425166252
Europe & Central Asia,Chemicals,899620289.109683,73.75094911085178,0.08937106799221238
Europe & Central Asia,Footwear & headwear,72506633.474911,46.706714085898426,0.14331421328455538
Europe & Central Asia,Hides & leather,37076658.56156,54.18994164040073,0.14572631558748075
Europe & Central Asia,Machinery & electronics,1550415405.729939,55.187810725339936,0.11596033547986542
Europe & Central Asia,Metals,540242578.897813,77.50722493196234,0.10517611795087142
Europe & Central Asia,Miscellaneous manufactures,487268461.300804,60.27036520048736,0.09362186872318391
Europe & Central Asia,Plastics & rubber,342038264.850796,74.97793609596695,0.10622258257899458
Europe & Central Asia,Stone & glass,359779761.028322,51.91323530165727,0.11996552453898242
Europe & Central Asia,Textiles & clothing,282785796.268046,45.52301488677118,0.09655911063324733
Europe & Central Asia,Transport equipment,841647283.821448,76.9675441445399,0.12549997552856165
Europe & Central Asia,Wood pulp & paper,174238198.956739,83.98136475242963,0.12908306437024536
Latin America & Caribbean,Chemicals,111007913.8042,6.28287032880544,0.14384528093653623
Latin America & Caribbean,Footwear & headwear,3731196.3569300002,8.483943227272475,0.25580205026276587
Latin America & Caribbean,Hides & leather,2701796.76078,12.625764033839431,0.3655206176929951
Latin America & Caribbean,Machinery & electronics,286811183.22116,3.3442973293317344,0.18694792384441772
Latin America & Caribbean,Metals,77214929.39954,14.873693229833371,0.18337542853705074
Latin America & Caribbean,Miscellaneous manufactures,65707002.43698,3.6969831986321986,0.17431001168701746
Latin America & Caribbean,Plastics & rubber,58744918.39311,7.2206734260226755,0.2150519293880397
Latin America & Caribbean,Stone & glass,8880431.25161,8.664633688713026,0.16495082931191118
Latin America & Caribbean,Textiles & clothing,20595752.853240002,8.10535697095135,0.28304482889545385
Latin America & Caribbean,Transport equipment,93861863.62063,16.013276416297856,0.19356348856204145
Latin America & Caribbean,Wood pulp & paper,14187149.082729999,18.217463218851744,0.25715449392874146
"Middle East, North Africa, Afghanistan & Pakistan",Chemicals,32475946.525533,10.806673349519565,0.06378366912009201
"Middle East, North Africa, Afghanistan & Pakistan",Footwear & headwear,1739047.259917,1.9635880090820408,0.30706067288154354
"Middle East, North Africa, Afghanistan & Pakistan",Hides & leather,986662.27448,2.2469085798059854,0.31569913792107773
"Middle East, North Africa, Afghanistan & Pakistan",Machinery & electronics,70417635.241184,3.3893208411365996,0.16119146174245197
"Middle East, North Africa, Afghanistan & Pakistan",Metals,32184878.728494998,20.578590762024934,0.0973595598682633
"Middle East, North Africa, Afghanistan & Pakistan",Miscellaneous manufactures,22794682.158921998,6.973693951116608,0.12097121117784174
"Middle East, North Africa, Afghanistan & Pakistan",Plastics & rubber,16360267.688259,21.70090778321374,0.1176856300769661
"Middle East, North Africa, Afghanistan & Pakistan",Stone & glass,12734769.133834999,28.57190968135963,0.18994068746055084
"Middle East, North Africa, Afghanistan & Pakistan",Textiles & clothing,14526983.453077,5.913966344974582,0.24798246287200776
"Middle East, North Africa, Afghanistan & Pakistan",Transport equipment,43133154.140132,0.9854084055553356,0.1086297388318694
"Middle East, North Africa, Afghanistan & Pakistan",Wood pulp & paper,8821916.327697,11.43048684762627,0.07415076480200847
North America,Chemicals,379826368.226483,13.375126253259651,0.16569181335426422
North America,Footwear & headwear,36180685.687382996,0.5903127206527206,0.23346499736247192
North America,Hides & leather,16615204.260096,1.8361073958668102,0.15300460374725577
North America,Machinery & electronics,991768777.156683,9.538237652777328,0.17101815706294654
North America,Metals,195826419.520461,26.994212573620956,0.20263744919616383
North America,Miscellaneous manufactures,422959155.889166,12.539210050340586,0.18062161430956608
North America,Plastics & rubber,136835812.668852,25.064054290867638,0.26339775803051424
North America,Stone & glass,134543023.925107,16.25942777164513,0.11013885281352115
North America,Textiles & clothing,129066837.297573,2.808809964159686,0.11661313851910161
North America,Transport equipment,516396785.031776,24.171570609328878,0.27332880658007735
North America,Wood pulp & paper,67814692.721305,46.360466307179635,0.3760761206729205
South Asia,Chemicals,63599340.818315,0.1434141578818592,0.1265407225493778
South Asia,Footwear & headwear,990880.575301,8.48834707274891,0.27308489868560654
South Asia,Hides & leather,909388.085931,12.581847088183808,0.15304577424659224
South Asia,Machinery & electronics,126612705.225572,0.05674166715497206,0.3099195441073274
South Asia,Metals,45887398.122208,0.947732442614844,0.06773461251566444
South Asia,Miscellaneous manufactures,18203599.053585,0.27459226583633123,0.1162021179565551
South Asia,Plastics & rubber,26219504.087343,0.4613469471125226,0.10217647229514208
South Asia,Stone & glass,69404275.175817,0.08311897513209772,0.11690007825718594
South Asia,Textiles & clothing,9046190.096862,15.273120414905614,0.2182940177922757
South Asia,Transport equipment,22108580.622252,2.394357569667804,0.07490226907266462
South Asia,Wood pulp & paper,9114943.883594,1.3066585467560627,0.05390207076307705
Sub-Saharan Africa,Chemicals,27784495.848016,6.7900424990749455,0.1113276947072993
Sub-Saharan Africa,Footwear & headwear,1638018.271324,5.972985331593259,0.46927260487239375
Sub-Saharan Africa,Hides & leather,619227.679074,19.71323730401467,0.44564781525113906
Sub-Saharan Africa,Machinery & electronics,54484970.448219,2.4946372370023546,0.21226056717707587
Sub-Saharan Africa,Metals,16644923.2885,7.3784885766972925,0.2106763413915904
Sub-Saharan Africa,Miscellaneous manufactures,18671829.896133002,1.302991442319141,0.18954099779681974
Sub-Saharan Africa,Plastics & rubber,12922234.999498,4.208812148719847,0.14047903910549658
Sub-Saharan Africa,Stone & glass,3825197.708951,28.304295342499096,0.2479839047542275
Sub-Saharan Africa,Textiles & clothing,7298409.403364,14.336049942796238,0.2863443651696686
Sub-Saharan Africa,Transport equipment,35579125.166815,2.4914589261002704,0.17888688284599563
Sub-Saharan Africa,Wood pulp & paper,7766727.937977,8.304285064721807,0.15509023612091558
