partner_region,partner_name,total_value,share_pct
East Asia & Pacific,China,57343581.863887,30.49840860878103
North America,United States,14992168.743502,7.973643665239397
South Asia,India,13358252.704439,7.104639020394098
Europe & Central Asia,Germany,11478934.975188,6.105116525470926
East Asia & Pacific,Singapore,10243833.160083,5.448222787651562
East Asia & Pacific,Japan,5938399.67291,3.1583611246425947
Europe & Central Asia,France,5035710.149333,2.6782621660134502
Europe & Central Asia,Italy,4859590.20725,2.5845920850172557
Europe & Central Asia,United Kingdom,4090917.8454899997,2.1757706787981754
East Asia & Pacific,Thailand,3678780.0605840003,1.9565735836983849
Sub-Saharan Africa,South Africa,3641633.741522,1.9368171684163025
"Middle East, North Africa, Afghanistan & Pakistan",United Arab Emirates,3380276.214497,1.7978131440233156
Europe & Central Asia,Spain,2925151.446872,1.5557532537996588
East Asia & Pacific,South Korea,2646427.659772,1.4075129159683015
Europe & Central Asia,Turkey,2548445.27496,1.3554006008437887
Europe & Central Asia,Belgium,2399132.688685,1.2759881170289844
Europe & Central Asia,Netherlands,2188149.08192,1.1637756594230586
Europe & Central Asia,Portugal,2146621.053544,1.1416888148807243
"Middle East, North Africa, Afghanistan & Pakistan",Saudi Arabia,1813313.465782,0.964417868881894
Europe & Central Asia,Sweden,1645598.42176,0.8752179658384475
Latin America & Caribbean,Brazil,1623845.810662,0.86364875442871325
East Asia & Pacific,Indonesia,1611557.196371,0.8571130067879009
"Middle East, North Africa, Afghanistan & Pakistan",Morocco,1427014.3343500001,0.7589631628330915
East Asia & Pacific,Vietnam,1330780.678506,0.7077809160593602
Europe & Central Asia,Poland,1202954.310546,0.6397959616092858
Sub-Saharan Africa,Eswatini,1146430.47425,0.609733537891438
"Middle East, North Africa, Afghanistan & Pakistan",Egypt,1108169.739549,0.5893844162869829
East Asia & Pacific,Australia,1088560.5085459999,0.578955169975634
East Asia & Pacific,Malaysia,993144.987118,0.5282080511953948
Europe & Central Asia,Switzerland,970169.699992,0.5159885547513805
Europe & Central Asia,Austria,964134.188301,0.5127785442195635
North America,Canada,956165.566396,0.5085404014491233
Latin America & Caribbean,Mexico,954780.65327,0.5078038299788467
Europe & Central Asia,Czechia,913028.087326,0.4855975642515374
Europe & Central Asia,Finland,884593.578157,0.4704745591821169
Sub-Saharan Africa,Namibia,800814.802253,0.42591648908582214
Europe & Central Asia,Russia,674675.988492,0.3588290669460371
East Asia & Pacific,Hong Kong,630268.220612,0.33521062166958193
Europe & Central Asia,Ireland,597290.908651,0.3176715091426888
Europe & Central Asia,Croatia,593554.955636,0.31568452789925816
Europe & Central Asia,Denmark,569142.353744,0.30270058996749444
Europe & Central Asia,Hungary,549970.399353,0.29250391093489525
Europe & Central Asia,Norway,539747.889139,0.28706702883963237
Sub-Saharan Africa,Kenya,458539.23288,0.24387588694277806
"Middle East, North Africa, Afghanistan & Pakistan",Qatar,424597.183667,0.22582367512987508
Sub-Saharan Africa,Botswana,423063.463519,0.2250079600621234
Latin America & Caribbean,Bahamas,418558.634792,0.22261204925985204
Europe & Central Asia,Slovakia,384006.092922,0.20423514453624037
NA,ROM,378466.504456,0.20128889271399494
"Middle East, North Africa, Afghanistan & Pakistan",Pakistan,353198.532395,0.18785002280766705
"Middle East, North Africa, Afghanistan & Pakistan",Israel,339659.266586,0.18064911125864805
NA,SPE,333832.953121,0.17755036362268434
"Middle East, North Africa, Afghanistan & Pakistan",Oman,305850.744291,0.16266791626006097
Sub-Saharan Africa,Lesotho,284693.731563,0.15141547617615886
Sub-Saharan Africa,Mauritius,272141.78908300004,0.14473967640666383
Sub-Saharan Africa,Zambia,251801.670797,0.1339217048312252
Sub-Saharan Africa,Tanzania,235586.864915,0.1252977968152396
Sub-Saharan Africa,Nigeria,223085.547009,0.11864892192370495
"Middle East, North Africa, Afghanistan & Pakistan",Tunisia,217740.095333,0.11580592251358596
Sub-Saharan Africa,Ghana,215147.810593,0.114427205721557
Sub-Saharan Africa,Uganda,208752.286272,0.11102572106243261
Europe & Central Asia,Greece,196755.560163,0.10464521529443954
South Asia,Bangladesh,193048.32348,0.1026735069446547
East Asia & Pacific,Philippines,187528.171064,0.09973759226172586
Sub-Saharan Africa,Madagascar,184748.62198,0.0982592781948925
Sub-Saharan Africa,Côte d'Ivoire,175264.470654,0.09321509516610231
Europe & Central Asia,Slovenia,140709.05731899999,0.0748366632425839
"Middle East, North Africa, Afghanistan & Pakistan",Bahrain,138225.542838,0.07351579633881863
Europe & Central Asia,Bulgaria,134259.951187,0.07140668088741822
Latin America & Caribbean,Chile,134105.291269,0.07132442440428188
"Middle East, North Africa, Afghanistan & Pakistan",Lebanon,117892.488295,0.06270158164276074
Sub-Saharan Africa,Mozambique,113436.127696,0.06033144880419863
Europe & Central Asia,Lithuania,102822.1617,0.05468636941808556
Latin America & Caribbean,Argentina,100106.188277,0.053241868315558355
Europe & Central Asia,Luxembourg,92975.036068,0.049449137083007626
"Middle East, North Africa, Afghanistan & Pakistan",Algeria,83951.502306,0.044649935309706464
Europe & Central Asia,Azerbaijan,78202.29817,0.041592198572381264
South Asia,Sri Lanka,76822.53197899999,0.040858364519643094
"Middle East, North Africa, Afghanistan & Pakistan",Jordan,74448.04534899999,0.039595484505455594
Europe & Central Asia,Latvia,69412.495405,0.03691730754527597
Europe & Central Asia,Ukraine,69383.844466,0.036902069431153255
Europe & Central Asia,North Macedonia,69230.250677,0.03682037997290121
Sub-Saharan Africa,Zimbabwe,67282.339443,0.03578437575382085
East Asia & Pacific,New Zealand,65059.632838,0.03460222054039813
NA,SER,60561.072444,0.03220964357558362
Latin America & Caribbean,Panama,48932.70151,0.02602504895013088
East Asia & Pacific,Cambodia,44837.494641,0.023846997137380328
Sub-Saharan Africa,Mali,44795.988366,0.02382492186245622
Latin America & Caribbean,Costa Rica,42607.822073,0.022661137049252857
Sub-Saharan Africa,Angola,41421.317195,0.022030089782769754
Sub-Saharan Africa,Guinea,41191.577716,0.021907901941055543
Sub-Saharan Africa,Cameroon,37523.078111,0.019956796057924407
Sub-Saharan Africa,Ethiopia,36115.241578,0.019208032683851958
Sub-Saharan Africa,Togo,34544.1089,0.01837241961548818
Europe & Central Asia,Georgia,34385.560632,0.018288095098175042
Latin America & Caribbean,Colombia,33325.273573,0.017724177273077523
Sub-Saharan Africa,Congo,33259.464167,0.01768917628274432
Europe & Central Asia,Estonia,31994.931,0.01701662936514743
"Middle East, North Africa, Afghanistan & Pakistan",Kuwait,30943.561539,0.01645745439947328
East Asia & Pacific,PRK,27891.962855,0.014834449687358114
"Middle East, North Africa, Afghanistan & Pakistan",Malta,27774.015736,0.014771719050160928
Sub-Saharan Africa,Mauritania,27752.19909,0.014760115781537762
Europe & Central Asia,Iceland,24625.822425,0.013097340107348913
Latin America & Caribbean,Jamaica,24500.788313,0.013030840225167442
Sub-Saharan Africa,Senegal,22968.104876,0.01221567653622155
Latin America & Caribbean,Uruguay,22425.590574,0.011927138179866738
Sub-Saharan Africa,Malawi,21288.046345,0.011322130826315781
East Asia & Pacific,Vanuatu,18824.236935,0.010011744141739635
Europe & Central Asia,Cyprus,18596.780692,0.009890770648034652
Europe & Central Asia,Kazakhstan,16632.067305,0.008845830138073168
Sub-Saharan Africa,Equatorial Guinea,16534.490094999997,0.008793933316759341
Sub-Saharan Africa,Burkina Faso,15813.576154,0.008410512413674265
Europe & Central Asia,Albania,13365.951414,0.00710873360922723
"Middle East, North Africa, Afghanistan & Pakistan",Libya,12609.839834,0.006706592703983335
Sub-Saharan Africa,Benin,12365.831536,0.00657681593499807
"Middle East, North Africa, Afghanistan & Pakistan",Djibouti,11666.625900000001,0.006204940678950975
Latin America & Caribbean,Peru,11006.515658,0.005853858461325571
East Asia & Pacific,MMR,10203.169693,0.0054265957634190894
Sub-Saharan Africa,Gabon,9752.531937,0.005186922307902222
Europe & Central Asia,Bosnia and Herzegovina,8392.339267,0.0044634985089704385
Latin America & Caribbean,Dominican Republic,7794.637263,0.004145608357156269
NA,SUD,7622.096342,0.004053841792540825
"Middle East, North Africa, Afghanistan & Pakistan",Iran,7550.290314,0.00401565147531028
Sub-Saharan Africa,Rwanda,7336.218956,0.0039017967851163937
Europe & Central Asia,Uzbekistan,7089.643959,0.00377065490721513
North America,Bermuda,6819.740376,0.0036271056294799693
Sub-Saharan Africa,Sierra Leone,6574.743864,0.003496803275008322
Sub-Saharan Africa,Niger,6500.333448,0.003457227803819513
"Middle East, North Africa, Afghanistan & Pakistan",Afghanistan,6213.267819,0.0033045508247016046
East Asia & Pacific,Brunei,5974.010233,0.0031773007405003955
Sub-Saharan Africa,Seychelles,5721.366223,0.0030429310342649104
Latin America & Caribbean,Ecuador,4480.876243,0.00238317157984261
Sub-Saharan Africa,Liberia,4176.574485,0.002221327498008247
East Asia & Pacific,New Caledonia,4142.131713,0.0022030089748199247
NA,FRE,4114.408038,0.002188264029687372
Europe & Central Asia,Belarus,4014.8837750000002,0.0021353316606095817
Latin America & Caribbean,El Salvador,3642.37174,0.001937209675797305
Latin America & Caribbean,VGB,3505.791695,0.001864569043928458
"Middle East, North Africa, Afghanistan & Pakistan",Iraq,3484.547782,0.0018532703855945354
Sub-Saharan Africa,Chad,3443.3962480000005,0.0018313837810606717
Latin America & Caribbean,Trinidad and Tobago,3399.766411,0.0018081790813696237
East Asia & Pacific,Laos,3376.389072,0.0017957457520617276
Europe & Central Asia,Kyrgyzstan,3341.650855,0.0017772700952930019
East Asia & Pacific,Mongolia,3120.6031869999997,0.0016597050273018828
Europe & Central Asia,GIB,2970.405984,0.0015798220566171576
Sub-Saharan Africa,Burundi,2676.859539,0.0014236982301265915
East Asia & Pacific,Macao,2377.755346,0.0012646184935944974
Latin America & Caribbean,Guatemala,2351.633707,0.0012507255975831519
Sub-Saharan Africa,Gambia,2270.530248,0.0012075904052605171
Latin America & Caribbean,Curaçao,2214.462655,0.00117777063632659
Latin America & Caribbean,Bolivia,2147.125841,0.0011419572880662712
East Asia & Pacific,Marshall Islands,1973.876401,0.0010498138948456593
Latin America & Caribbean,Paraguay,1798.5101160000002,9.565446493208663e-4
East Asia & Pacific,TKL,1795.582911,9.549878038767923e-4
Europe & Central Asia,Andorra,1454.601332,7.736354155817298e-4
Sub-Saharan Africa,Central African Republic,1218.959274,6.483082641080612e-4
Latin America & Caribbean,Suriname,1093.598655,5.816347278998268e-4
Sub-Saharan Africa,Comoros,1065.015359,5.664325899715937e-4
Latin America & Caribbean,Venezuela,964.964131,5.132199524946178e-4
East Asia & Pacific,American Samoa,941.788624,5.008939683264262e-4
Latin America & Caribbean,Honduras,936.389115,4.980222183168145e-4
Latin America & Caribbean,ATG,877.0753619999999,4.664759664728301e-4
Latin America & Caribbean,Nicaragua,860.357315,4.5758440769721917e-4
Sub-Saharan Africa,Cabo Verde,794.264619,4.2243274846796944e-4
Latin America & Caribbean,Turks and Caicos Islands,791.248041,4.2082836964380324e-4
Latin America & Caribbean,Guyana,720.298118,3.830933752105679e-4
Europe & Central Asia,San Marino,691.3243200000001,3.6768354726417695e-4
South Asia,Nepal,624.265514,3.3201805864751686e-4
Latin America & Caribbean,Belize,621.545555,3.3057143780025215e-4
Sub-Saharan Africa,Somalia,620.630387,3.3008470211506365e-4
Sub-Saharan Africa,Eritrea,606.216343,3.2241853635896537e-4
Latin America & Caribbean,Cuba,589.387508,3.1346805455163715e-4
Europe & Central Asia,Moldova,522.919869,2.781169804193185e-4
NA,ATA,490.758759,2.6101196810215694e-4
Latin America & Caribbean,Barbados,468.563115,2.4920712790829126e-4
East Asia & Pacific,Nauru,425.643073,2.2637993546800872e-4
Europe & Central Asia,Armenia,415.127897,2.2078739792819364e-4
NA,MNT,380.630812,2.0243998815809637e-4
Latin America & Caribbean,Cayman Islands,366.077614,1.9469981280208126e-4
Sub-Saharan Africa,South Sudan,340.062203,1.80863414568593e-4
Latin America & Caribbean,St. Lucia,320.82730999999995,1.706332613902889e-4
NA,SHN,317.472045,1.6884875055865587e-4
East Asia & Pacific,SGS,308.31037399999997,1.6397607995428983e-4
Latin America & Caribbean,Haiti,283.983122,1.5103753569687162e-4
"Middle East, North Africa, Afghanistan & Pakistan",Syria,275.640021,1.46600224753054e-4
Europe & Central Asia,Turkmenistan,254.724686,1.354763219153546e-4
NA,ATF,253.43622299999998,1.34791047822352e-4
East Asia & Pacific,French Polynesia,238.666177,1.2693554100822016e-4
East Asia & Pacific,CCK,207.834632,1.1053766304374308e-4
NA,TMP,205.511047,1.0930185526083472e-4
"Middle East, North Africa, Afghanistan & Pakistan",Yemen,198.798002,1.0573149598496831e-4
Sub-Saharan Africa,Guinea-Bissau,186.905454,9.940639775227558e-5
"Middle East, North Africa, Afghanistan & Pakistan",Palestine,167.535788,8.910456502606349e-5
East Asia & Pacific,PCN,157.546885,8.37919278425231e-5
East Asia & Pacific,Guam,156.698945,8.334094763244285e-5
Latin America & Caribbean,Dominica,141.490073,7.525204949148519e-5
East Asia & Pacific,Papua New Guinea,137.082189,7.290769912196686e-5
Sub-Saharan Africa,Sao Tome and Principe,127.341061,6.772684204262326e-5
Latin America & Caribbean,Grenada,124.110601,6.600870923905715e-5
Europe & Central Asia,Tajikistan,119.40972099999999,6.350852779937741e-5
Europe & Central Asia,VAT,100.163407,5.327230031749135e-5
Europe & Central Asia,Greenland,91.690267,4.876582762220705e-5
NA,IOT,83.58355,4.4454238434621675e-5
Latin America & Caribbean,AIA,75.566323,4.01902448540369e-5
East Asia & Pacific,Micronesia,59.447759,3.161752345993831e-5
Latin America & Caribbean,St. Kitts and Nevis,52.557749,2.7953044655712743e-5
East Asia & Pacific,NIU,45.188888,2.403388707164764e-5
Latin America & Caribbean,Aruba,45.179161,2.4028713728600436e-5
NA,UMI,44.212345,2.3514508852325052e-5
East Asia & Pacific,HMD,41,2.1806010582458976e-5
East Asia & Pacific,Tonga,40.573722,2.157929295857923e-5
Latin America & Caribbean,MSR,37.02469,1.9691726389079584e-5
East Asia & Pacific,Fiji,32.387024,1.722516556288665e-5
Latin America & Caribbean,St. Vincent and the Grenadines,22.141879,1.1776245068037222e-5
Europe & Central Asia,Faroe Islands,20.683215,1.1000448906567663e-5
East Asia & Pacific,NFK,17.271349,9.18583461139859e-6
East Asia & Pacific,CXR,17.07036,9.07893782454596e-6
South Asia,Maldives,15.537388,8.263620662238318e-6
Latin America & Caribbean,Falkland Islands,12.884744,6.852801561372555e-6
Latin America & Caribbean,Sint Maarten,11.207628,5.9608208481039885e-6
NA,ESH,10.41379,5.538614998622084e-6
NA,BUN,9.538754,5.073223674816412e-6
South Asia,Bhutan,9.511531,5.058745015643575e-6
East Asia & Pacific,Solomon Islands,8.306341,4.4177599938417774e-6
East Asia & Pacific,Kiribati,8.140958,4.32980039754522e-6
East Asia & Pacific,Tuvalu,7.732619,4.1126237010761785e-6
East Asia & Pacific,Cook Islands,5.958863,3.1692446253030058e-6
Latin America & Caribbean,BLM,5.615679,2.9867208707729907e-6
Latin America & Caribbean,BES,2,1.0637078332906816e-6
East Asia & Pacific,Palau,1.209412,6.432305090378749e-7
East Asia & Pacific,Samoa,1.15361,6.135519967812317e-7
East Asia & Pacific,Northern Mariana Islands,0.983835,5.232564980827689e-7
NA,BVT,0.561831,2.988120178427685e-7
NA,WLF,0.370342,1.9696784319826882e-7
North America,SPM,0.002602,1.3838838911111769e-9
